Time;Trace
0;-2.14
0.02498;-2.14531
0.04996;-2.14281
0.07494;-2.14937
0.09992;-2.1525
0.1249;-2.16156
0.14988;-2.16438
0.17486;-2.15719
0.19984;-2.15812
0.22482;-2.16656
0.2498;-2.15281
0.27478;-2.15188
0.29976;-2.14313
0.32474;-2.14469
0.34972;-2.14875
0.3747;-2.14406
0.39968;-2.13281
0.42466;-2.16094
0.44964;-2.14031
0.47462;-2.15594
0.4996;-2.14812
0.52458;-2.135
0.54956;-2.14375
0.57454;-2.135
0.59952;-2.13469
0.6245;-2.12781
0.64948;-2.13125
0.67446;-2.15188
0.69944;-2.13719
0.72442;-2.15437
0.7494;-2.15844
0.77438;-2.1575
0.79936;-2.17
0.82434;-2.16125
0.84932;-2.15875
0.8743;-2.15562
0.89928;-2.15969
0.92426;-2.17344
0.94924;-2.155
0.97422;-2.16188
0.9992;-2.16062
1.02418;-2.1625
1.04916;-2.16438
1.07414;-2.15969
1.09912;-2.15781
1.1241;-2.17281
1.14908;-2.15844
1.17406;-2.15375
1.19904;-2.15531
1.22402;-2.15719
1.249;-2.17438
1.27398;-2.14531
1.29896;-2.1525
1.32394;-2.17
1.34892;-2.165
1.3739;-2.16062
1.39888;-2.15875
1.42386;-2.16875
1.44884;-2.15156
1.47382;-2.15313
1.4988;-2.15594
1.52378;-2.14969
1.54876;-2.165
1.57374;-2.15719
1.59872;-2.155
1.6237;-2.15375
1.64868;-2.15469
1.67366;-2.16188
1.69864;-2.15469
1.72362;-2.16625
1.7486;-2.16156
1.77358;-2.16062
1.79856;-2.15594
1.82354;-2.15875
1.84852;-2.15313
1.8735;-2.16625
1.89848;-2.18281
1.92346;-2.18219
1.94844;-2.18469
1.97342;-2.18438
1.9984;-2.18875
2.02338;-2.18344
2.04836;-2.19531
2.07334;-2.17937
2.09832;-2.18156
2.1233;-2.17937
2.14828;-2.17625
2.17326;-2.17937
2.19824;-2.17438
2.22322;-2.17625
2.2482;-2.17031
2.27318;-2.1725
2.29816;-2.17031
2.32314;-2.17313
2.34812;-2.17406
2.3731;-2.18406
2.39808;-2.185
2.42306;-2.19062
2.44804;-2.18625
2.47302;-2.16313
2.498;-2.17031
2.52298;-2.18625
2.54796;-2.17719
2.57294;-2.18344
2.59792;-2.17281
2.6229;-2.17188
2.64788;-2.18
2.67286;-2.18531
2.69784;-2.16656
2.72282;-2.17281
2.7478;-2.16906
2.77278;-2.16687
2.79776;-2.17031
2.82274;-2.17656
2.84772;-2.17188
2.8727;-2.17219
2.89768;-2.15937
2.92266;-2.15344
2.94764;-2.165
2.97262;-2.16531
2.9976;-2.16156
3.02258;-2.17
3.04756;-2.16219
3.07254;-2.16906
3.09752;-2.16969
3.1225;-2.17062
3.14748;-2.15875
3.17246;-2.1475
3.19744;-2.15625
3.22242;-2.16031
3.2474;-2.15625
3.27238;-2.14906
3.29736;-2.15469
3.32234;-2.15
3.34732;-2.14469
3.3723;-2.15719
3.39728;-2.145
3.42226;-2.16375
3.44724;-2.15094
3.47222;-2.13969
3.4972;-2.13562
3.52218;-2.14125
3.54716;-2.14094
3.57214;-2.14281
3.59712;-2.14719
3.6221;-2.14625
3.64708;-2.14812
3.67206;-2.14656
3.69704;-2.15031
3.72202;-2.14344
3.747;-2.14969
3.77198;-2.15156
3.79696;-2.15094
3.82194;-2.14469
3.84692;-2.14937
3.8719;-2.13719
3.89688;-2.16219
3.92186;-2.14437
3.94684;-2.14469
3.97182;-2.13437
3.9968;-2.14156
4.02178;-2.15531
4.04676;-2.14687
4.07174;-2.14969
4.09672;-2.16094
4.1217;-2.15437
4.14668;-2.1425
4.17166;-2.13875
4.19664;-2.14313
4.22162;-2.13687
4.2466;-2.13437
4.27158;-2.1375
4.29656;-2.14063
4.32154;-2.11344
4.34652;-2.14531
4.3715;-2.12906
4.39648;-2.12875
4.42146;-2.12125
4.44644;-2.11281
4.47142;-2.13063
4.4964;-2.13313
4.52138;-2.13562
4.54636;-2.11719
4.57134;-2.135
4.59632;-2.12781
4.6213;-2.13781
4.64628;-2.13406
4.67126;-2.13313
4.69624;-2.15344
4.72122;-2.13812
4.7462;-2.14219
4.77118;-2.15094
4.79616;-2.15875
4.82114;-2.15531
4.84612;-2.13656
4.8711;-2.12156
4.89608;-2.14469
4.92106;-2.16
4.94604;-2.155
4.97102;-2.15594
4.996;-2.15313
5.02098;-2.15188
5.04596;-2.14031
5.07094;-2.14625
5.09592;-2.15344
5.1209;-2.14344
5.14588;-2.15781
5.17086;-2.1425
5.19584;-2.14875
5.22082;-2.14844
5.2458;-2.15687
5.27078;-2.14625
5.29576;-2.13969
5.32074;-2.13969
5.34572;-2.135
5.3707;-2.1325
5.39568;-2.13875
5.42066;-2.12719
5.44564;-2.13562
5.47062;-2.12687
5.4956;-2.12969
5.52058;-2.13781
5.54556;-2.14188
5.57054;-2.12156
5.59552;-2.14
5.6205;-2.1325
5.64548;-2.12375
5.67046;-2.1225
5.69544;-2.12812
5.72042;-2.13344
5.7454;-2.14
5.77038;-2.12594
5.79536;-2.12031
5.82034;-2.12094
5.84532;-2.12906
5.8703;-2.13
5.89528;-2.13594
5.92026;-2.13188
5.94524;-2.13219
5.97022;-2.1375
5.9952;-2.12687
6.02018;-2.14063
6.04516;-2.13687
6.07014;-2.15156
6.09512;-2.14094
6.1201;-2.13344
6.14508;-2.13969
6.17006;-2.14969
6.19504;-2.13844
6.22002;-2.13125
6.245;-2.11781
6.26998;-2.12562
6.29496;-2.12969
6.31994;-2.13125
6.34492;-2.13125
6.3699;-2.12937
6.39488;-2.12875
6.41986;-2.1175
6.44484;-2.11812
6.46982;-2.11375
6.4948;-2.11344
6.51978;-2.125
6.54476;-2.10375
6.56974;-2.08687
6.59472;-2.08938
6.6197;-2.09812
6.64468;-2.09281
6.66966;-2.08594
6.69464;-2.1075
6.71962;-2.11312
6.7446;-2.1075
6.76958;-2.115
6.79456;-2.11375
6.81954;-2.10687
6.84452;-2.10656
6.8695;-2.10344
6.89448;-2.10875
6.91946;-2.09969
6.94444;-2.09781
6.96942;-2.09187
6.9944;-2.09
7.01938;-2.08969
7.04436;-2.09437
7.06934;-2.10844
7.09432;-2.1175
7.1193;-2.11937
7.14428;-2.11906
7.16926;-2.12562
7.19424;-2.13625
7.21922;-2.1175
7.2442;-2.10719
7.26918;-2.12312
7.29416;-2.1075
7.31914;-2.10812
7.34412;-2.11281
7.3691;-2.09875
7.39408;-2.11969
7.41906;-2.15406
7.44404;-2.14906
7.46902;-2.15219
7.494;-2.13906
7.51898;-2.14812
7.54396;-2.14625
7.56894;-2.14344
7.59392;-2.13719
7.6189;-2.15062
7.64388;-2.14562
7.66886;-2.14094
7.69384;-2.13906
7.71882;-2.1425
7.7438;-2.14313
7.76878;-2.15313
7.79376;-2.15969
7.81874;-2.19062
7.84372;-2.18562
7.8687;-2.19563
7.89368;-2.19406
7.91866;-2.1925
7.94364;-2.18406
7.96862;-2.18656
7.9936;-2.19219
8.01858;-2.17344
8.04356;-2.17625
8.06854;-2.17562
8.09352;-2.16281
8.1185;-2.15219
8.14348;-2.16969
8.16846;-2.17844
8.19344;-2.17188
8.21842;-2.16562
8.2434;-2.17188
8.26838;-2.165
8.29336;-2.16188
8.31834;-2.15906
8.34332;-2.1475
8.3683;-2.13781
8.39328;-2.15219
8.41826;-2.16156
8.44324;-2.14875
8.46822;-2.14781
8.4932;-2.14188
8.51818;-2.145
8.54316;-2.13656
8.56814;-2.14125
8.59312;-2.13063
8.6181;-2.13594
8.64308;-2.12469
8.66806;-2.13313
8.69304;-2.14906
8.71802;-2.14656
8.743;-2.13656
8.76798;-2.12937
8.79296;-2.12937
8.81794;-2.11281
8.84292;-2.11344
8.8679;-2.11312
8.89288;-2.10063
8.91786;-2.11687
8.94284;-2.10812
8.96782;-2.11312
8.9928;-2.11125
9.01778;-2.10687
9.04276;-2.10375
9.06774;-2.10719
9.09272;-2.105
9.1177;-2.1
9.14268;-2.09594
9.16766;-2.08844
9.19264;-2.09094
9.21762;-2.08875
9.2426;-2.0975
9.26758;-2.08437
9.29256;-2.08812
9.31754;-2.07813
9.34252;-2.08969
9.3675;-2.08469
9.39248;-2.0925
9.41746;-2.08312
9.44244;-2.07531
9.46742;-2.09344
9.4924;-2.08406
9.51738;-2.0875
9.54236;-2.08312
9.56734;-2.07938
9.59232;-2.07719
9.6173;-2.08031
9.64228;-2.07562
9.66726;-2.06781
9.69224;-2.07156
9.71722;-2.06938
9.7422;-2.06437
9.76718;-2.0725
9.79216;-2.05813
9.81714;-2.06312
9.84212;-2.05687
9.8671;-2.06813
9.89208;-2.07125
9.91706;-2.05813
9.94204;-2.06094
9.96702;-2.05938
9.992;-2.05344
10.01698;-2.06125
10.04196;-2.06219
10.06694;-2.05094
10.09192;-2.06094
10.1169;-2.05031
10.14188;-2.06906
10.16686;-2.06219
10.19184;-2.05156
10.21682;-2.04562
10.2418;-2.05094
10.26678;-2.03344
10.29176;-2.065
10.31674;-2.07406
10.34172;-2.07437
10.3667;-2.07344
10.39168;-2.05938
10.41666;-2.06687
10.44164;-2.07
10.46662;-2.06531
10.4916;-2.06437
10.51658;-2.05
10.54156;-2.05437
10.56654;-2.05187
10.59152;-2.06062
10.6165;-2.05594
10.64148;-2.05844
10.66646;-2.04969
10.69144;-2.05219
10.71642;-2.05844
10.7414;-2.04219
10.76638;-2.06125
10.79136;-2.04531
10.81634;-2.05375
10.84132;-2.05187
10.8663;-2.04781
10.89128;-2.04656
10.91626;-2.04656
10.94124;-2.04906
10.96622;-2.05813
10.9912;-2.04219
11.01618;-2.05219
11.04116;-2.04875
11.06614;-2.05375
11.09112;-2.05625
11.1161;-2.05406
11.14108;-2.05125
11.16606;-2.04688
11.19104;-2.05094
11.21602;-2.04437
11.241;-2.06156
11.26598;-2.05344
11.29096;-2.05531
11.31594;-2.04375
11.34092;-2.04031
11.3659;-2.0375
11.39088;-2.04844
11.41586;-2.04031
11.44084;-2.03969
11.46582;-2.03656
11.4908;-2.03562
11.51578;-2.03344
11.54076;-2.03219
11.56574;-2.02875
11.59072;-2.03813
11.6157;-2.03844
11.64068;-2.02906
11.66566;-2.03531
11.69064;-2.03562
11.71562;-2.03688
11.7406;-2.03625
11.76558;-2.02906
11.79056;-2.03094
11.81554;-2.04469
11.84052;-2.02969
11.8655;-2.03344
11.89048;-2.03969
11.91546;-2.03625
11.94044;-2.03813
11.96542;-2.03031
11.9904;-2.03469
12.01538;-2.04688
12.04036;-2.04469
12.06534;-2.04469
12.09032;-2.05094
12.1153;-2.06437
12.14028;-2.05813
12.16526;-2.05531
12.19024;-2.03906
12.21522;-2.0675
12.2402;-2.06437
12.26518;-2.06656
12.29016;-2.06125
12.31514;-2.06406
12.34012;-2.05094
12.3651;-2.06406
12.39008;-2.05375
12.41506;-2.05531
12.44004;-2.06813
12.46502;-2.06594
12.49;-2.06562
12.51498;-2.06281
12.53996;-2.05938
12.56494;-2.05719
12.58992;-2.05344
12.6149;-2.06
12.63988;-2.06
12.66486;-2.06219
12.68984;-2.05687
12.71482;-2.06094
12.7398;-2.05375
12.76478;-2.04938
12.78976;-2.05781
12.81474;-2.05
12.83972;-2.05938
12.8647;-2.07594
12.88968;-2.05625
12.91466;-2.05437
12.93964;-2.05281
12.96462;-2.04625
12.9896;-2.04062
13.01458;-2.04469
13.03956;-2.02625
13.06454;-2.03938
13.08952;-2.02937
13.1145;-2.03688
13.13948;-2.04062
13.16446;-2.04938
13.18944;-2.05187
13.21442;-2.04469
13.2394;-2.02531
13.26438;-2.04125
13.28936;-2.03875
13.31434;-2.04594
13.33932;-2.03844
13.3643;-2.05094
13.38928;-2.04375
13.41426;-2.04562
13.43924;-2.03844
13.46422;-2.05781
13.4892;-2.05375
13.51418;-2.06156
13.53916;-2.06156
13.56414;-2.06187
13.58912;-2.06219
13.6141;-2.05312
13.63908;-2.06375
13.66406;-2.0625
13.68904;-2.06625
13.71402;-2.05312
13.739;-2.05719
13.76398;-2.06125
13.78896;-2.06719
13.81394;-2.05719
13.83892;-2.05562
13.8639;-2.05781
13.88888;-2.06625
13.91386;-2.04844
13.93884;-2.05437
13.96382;-2.0475
13.9888;-2.04625
14.01378;-2.04094
14.03876;-2.0425
14.06374;-2.03344
14.08872;-2.03969
14.1137;-2.03656
14.13868;-2.0275
14.16366;-2.04562
14.18864;-2.04406
14.21362;-2.04562
14.2386;-2.06312
14.26358;-2.06156
14.28856;-2.05406
14.31354;-2.05719
14.33852;-2.0475
14.3635;-2.05406
14.38848;-2.04844
14.41346;-2.04531
14.43844;-2.05344
14.46342;-2.06031
14.4884;-2.05312
14.51338;-2.04813
14.53836;-2.0825
14.56334;-2.06969
14.58832;-2.06375
14.6133;-2.07281
14.63828;-2.07562
14.66326;-2.07
14.68824;-2.05469
14.71322;-2.06375
14.7382;-2.055
14.76318;-2.06156
14.78816;-2.08344
14.81314;-2.07344
14.83812;-2.07469
14.8631;-2.06469
14.88808;-2.07312
14.91306;-2.07562
14.93804;-2.06562
14.96302;-2.07281
14.988;-2.07469
15.01298;-2.07687
15.03796;-2.05906
15.06294;-2.05906
15.08792;-2.06437
15.1129;-2.05781
15.13788;-2.0575
15.16286;-2.07187
15.18784;-2.06656
15.21282;-2.05813
15.2378;-2.08219
15.26278;-2.08187
15.28776;-2.08719
15.31274;-2.08562
15.33772;-2.09125
15.3627;-2.11812
15.38768;-2.12625
15.41266;-2.12469
15.43764;-2.12188
15.46262;-2.11594
15.4876;-2.12063
15.51258;-2.1225
15.53756;-2.11937
15.56254;-2.115
15.58752;-2.10687
15.6125;-2.11156
15.63748;-2.10375
15.66246;-2.11562
15.68744;-2.10156
15.71242;-2.09938
15.7374;-2.08781
15.76238;-2.09
15.78736;-2.08875
15.81234;-2.09
15.83732;-2.08531
15.8623;-2.08125
15.88728;-2.08562
15.91226;-2.08125
15.93724;-2.07719
15.96222;-2.07031
15.9872;-2.06344
16.01218;-2.07125
16.03716;-2.06687
16.06214;-2.0625
16.08712;-2.08031
16.1121;-2.06187
16.13708;-2.0675
16.16206;-2.06312
16.18704;-2.06156
16.21202;-2.06375
16.237;-2.07813
16.26198;-2.09844
16.28696;-2.1025
16.31194;-2.11625
16.33692;-2.11719
16.3619;-2.11937
16.38688;-2.11375
16.41186;-2.11875
16.43684;-2.12344
16.46182;-2.11781
16.4868;-2.11906
16.51178;-2.11781
16.53676;-2.10437
16.56174;-2.12156
16.58672;-2.11375
16.6117;-2.11906
16.63668;-2.11625
16.66166;-2.12781
16.68664;-2.11719
16.71162;-2.11156
16.7366;-2.11063
16.76158;-2.10844
16.78656;-2.115
16.81154;-2.1125
16.83652;-2.11406
16.8615;-2.10938
16.88648;-2.11719
16.91146;-2.1075
16.93644;-2.09156
16.96142;-2.10469
16.9864;-2.09187
17.01138;-2.09594
17.03636;-2.09469
17.06134;-2.08594
17.08632;-2.09063
17.1113;-2.085
17.13628;-2.09719
17.16126;-2.0925
17.18624;-2.095
17.21122;-2.08219
17.2362;-2.085
17.26118;-2.08437
17.28616;-2.1
17.31114;-2.08312
17.33612;-2.08344
17.3611;-2.08344
17.38608;-2.0825
17.41106;-2.08687
17.43604;-2.08312
17.46102;-2.10781
17.486;-2.09437
17.51098;-2.09031
17.53596;-2.09469
17.56094;-2.10063
17.58592;-2.10969
17.6109;-2.10375
17.63588;-2.11281
17.66086;-2.10812
17.68584;-2.1
17.71082;-2.095
17.7358;-2.10687
17.76078;-2.10344
17.78576;-2.09687
17.81074;-2.09094
17.83572;-2.09656
17.8607;-2.0975
17.88568;-2.09094
17.91066;-2.10375
17.93564;-2.09375
17.96062;-2.09156
17.9856;-2.11125
18.01058;-2.10375
18.03556;-2.11625
18.06054;-2.10437
18.08552;-2.10437
18.1105;-2.09406
18.13548;-2.08812
18.16046;-2.08781
18.18544;-2.1025
18.21042;-2.08156
18.2354;-2.08406
18.26038;-2.08531
18.28536;-2.0775
18.31034;-2.085
18.33532;-2.08844
18.3603;-2.08594
18.38528;-2.08125
18.41026;-2.07281
18.43524;-2.10844
18.46022;-2.08531
18.4852;-2.09469
18.51018;-2.06813
18.53516;-2.08687
18.56014;-2.07906
18.58512;-2.07625
18.6101;-2.07875
18.63508;-2.06375
18.66006;-2.06781
18.68504;-2.06813
18.71002;-2.06813
18.735;-2.07656
18.75998;-2.06906
18.78496;-2.06562
18.80994;-2.06406
18.83492;-2.06062
18.8599;-2.06938
18.88488;-2.06625
18.90986;-2.05844
18.93484;-2.05219
18.95982;-2.04469
18.9848;-2.04031
19.00978;-2.04594
19.03476;-2.04344
19.05974;-2.04656
19.08472;-2.03688
19.1097;-2.0325
19.13468;-2.02875
19.15966;-2.04938
19.18464;-2.0425
19.20962;-2.04219
19.2346;-2.03875
19.25958;-2.0375
19.28456;-2.0575
19.30954;-2.04562
19.33452;-2.04156
19.3595;-2.04156
19.38448;-2.04375
19.40946;-2.03375
19.43444;-2.04813
19.45942;-2.0375
19.4844;-2.04938
19.50938;-2.02094
19.53436;-2.03406
19.55934;-2.05094
19.58432;-2.03969
19.6093;-2.03688
19.63428;-2.03656
19.65926;-2.03312
19.68424;-2.03281
19.70922;-2.0275
19.7342;-2.02156
19.75918;-2.02406
19.78416;-2.02219
19.80914;-2.03625
19.83412;-2.03781
19.8591;-2.02688
19.88408;-2.05469
19.90906;-2.04125
19.93404;-2.03938
19.95902;-2.06312
19.984;-2.05562
20.00898;-2.05906
20.03396;-2.05938
20.05894;-2.05938
20.08392;-2.05906
20.1089;-2.04594
20.13388;-2.03594
20.15886;-2.03656
20.18384;-2.0375
20.20882;-2.02187
20.2338;-2.03156
20.25878;-2.05531
20.28376;-2.055
20.30874;-2.04844
20.33372;-2.05375
20.3587;-2.04219
20.38368;-2.05625
20.40866;-2.03094
20.43364;-2.02781
20.45862;-2.03594
20.4836;-2.03437
20.50858;-2.03594
20.53356;-2.03688
20.55854;-2.03219
20.58352;-2.03031
20.6085;-2.03125
20.63348;-2.035
20.65846;-2.04187
20.68344;-2.03813
20.70842;-2.04281
20.7334;-2.04375
20.75838;-2.05031
20.78336;-2.04844
20.80834;-2.05281
20.83332;-2.0275
20.8583;-2.035
20.88328;-2.04844
20.90826;-2.03594
20.93324;-2.05344
20.95822;-2.03719
20.9832;-2.03844
21.00818;-2.01906
21.03316;-2.03312
21.05814;-2.03562
21.08312;-2.04875
21.1081;-2.05125
21.13308;-2.07562
21.15806;-2.05437
21.18304;-2.04187
21.20802;-2.04531
21.233;-2.03813
21.25798;-2.03875
21.28296;-2.03625
21.30794;-2.03344
21.33292;-2.05062
21.3579;-2.04062
21.38288;-2.03625
21.40786;-2.03594
21.43284;-2.04219
21.45782;-2.03875
21.4828;-2.04594
21.50778;-2.04156
21.53276;-2.04281
21.55774;-2.03406
21.58272;-2.03562
21.6077;-2.03375
21.63268;-2.04031
21.65766;-2.03125
21.68264;-2.01656
21.70762;-2.0325
21.7326;-2.02719
21.75758;-2.02531
21.78256;-2.02969
21.80754;-2.02937
21.83252;-2.03281
21.8575;-2.03125
21.88248;-2.03375
21.90746;-2.03281
21.93244;-2.02187
21.95742;-2.02969
21.9824;-2.02844
22.00738;-2.01906
22.03236;-2.02594
22.05734;-2.01969
22.08232;-2.01
22.1073;-2.01688
22.13228;-2.01094
22.15726;-2.01344
22.18224;-1.99562
22.20722;-2.01469
22.2322;-2.0125
22.25718;-2.01219
22.28216;-2.00531
22.30714;-2.02125
22.33212;-2.00844
22.3571;-2.01406
22.38208;-2.00781
22.40706;-2.01094
22.43204;-2.00844
22.45702;-2.01469
22.482;-2.00125
22.50698;-1.99656
22.53196;-2.00875
22.55694;-1.99437
22.58192;-2.00031
22.6069;-1.98844
22.63188;-2.00344
22.65686;-2.00594
22.68184;-1.9975
22.70682;-2.00469
22.7318;-2.00062
22.75678;-1.99187
22.78176;-2.00563
22.80674;-1.99344
22.83172;-1.9975
22.8567;-1.995
22.88168;-1.98562
22.90666;-1.99437
22.93164;-1.99656
22.95662;-1.98438
22.9816;-2.01281
23.00658;-2.01437
23.03156;-2.01719
23.05654;-2.00156
23.08152;-2.00406
23.1065;-2.00312
23.13148;-1.99719
23.15646;-2.005
23.18144;-2.00563
23.20642;-2.01
23.2314;-2.03062
23.25638;-2.01281
23.28136;-2.00906
23.30634;-2.00406
23.33132;-2.01656
23.3563;-2.01031
23.38128;-2.00813
23.40626;-2.01
23.43124;-2.02937
23.45622;-2.01
23.4812;-2.00937
23.50618;-1.99906
23.53116;-2.00531
23.55614;-1.9925
23.58112;-1.99031
23.6061;-2.00375
23.63108;-2.00187
23.65606;-2.00344
23.68104;-2.00125
23.70602;-2.01
23.731;-2.00031
23.75598;-2.00781
23.78096;-1.99031
23.80594;-2.02
23.83092;-2.00656
23.8559;-2.005
23.88088;-2.01094
23.90586;-2.00219
23.93084;-1.99719
23.95582;-2.00312
23.9808;-1.99375
24.00578;-1.99656
24.03076;-2.00781
24.05574;-1.99062
24.08072;-2.00406
24.1057;-2.00437
24.13068;-2.00031
24.15566;-1.99406
24.18064;-2.01031
24.20562;-2.00219
24.2306;-1.99594
24.25558;-1.99969
24.28056;-2.00719
24.30554;-2.01531
24.33052;-1.99812
24.3555;-2.00625
24.38048;-2.01406
24.40546;-2.015
24.43044;-2.0125
24.45542;-2.02344
24.4804;-2.00312
24.50538;-2.01625
24.53036;-2.04125
24.55534;-2.05531
24.58032;-2.07687
24.6053;-2.06938
24.63028;-2.08406
24.65526;-2.06281
24.68024;-2.06875
24.70522;-2.05969
24.7302;-2.055
24.75518;-2.05562
24.78016;-2.05656
24.80514;-2.05187
24.83012;-2.05781
24.8551;-2.06625
24.88008;-2.07469
24.90506;-2.07844
24.93004;-2.06875
24.95502;-2.06844
24.98;-2.07094
25.00498;-2.06531
25.02996;-2.06656
25.05494;-2.05813
25.07992;-2.06281
25.1049;-2.05156
25.12988;-2.05375
25.15486;-2.05875
25.17984;-2.06437
25.20482;-2.0525
25.2298;-2.02781
25.25478;-2.04562
25.27976;-2.04219
25.30474;-2.03969
25.32972;-2.03594
25.3547;-2.03281
25.37968;-2.03312
25.40466;-2.0425
25.42964;-2.06344
25.45462;-2.03875
25.4796;-2.03187
25.50458;-2.03
25.52956;-2.0325
25.55454;-2.02781
25.57952;-2.02031
25.6045;-2.03844
25.62948;-2.02406
25.65446;-2.015
25.67944;-2.015
25.70442;-2.00937
25.7294;-2.00563
25.75438;-2.01219
25.77936;-2.00719
25.80434;-2.00719
25.82932;-2.00719
25.8543;-2.00719
25.87928;-2.01594
25.90426;-2.01594
25.92924;-2.01594
25.95422;-2.01594
25.9792;-2.025
26.00418;-2.025
26.02916;-2.025
26.05414;-2.025
26.07912;-2.00031
26.1041;-2.00031
26.12908;-2.00031
26.15406;-2.00031
26.17904;-2.00062
26.20402;-2.00062
26.229;-2.00062
26.25398;-2.00062
26.27896;-1.99344
26.30394;-1.99344
26.32892;-1.99344
26.3539;-1.99344
26.37888;-1.99406
26.40386;-1.99406
26.42884;-1.99406
26.45382;-1.99406
26.4788;-1.98219
26.50378;-1.98219
26.52876;-1.98219
26.55374;-1.98219
26.57872;-1.98937
26.6037;-1.98937
26.62868;-1.98937
26.65366;-1.98937
26.67864;-1.96969
26.70362;-1.96969
26.7286;-1.96969
26.75358;-1.96969
26.77856;-1.95313
26.80354;-1.95313
26.82852;-1.95313
26.8535;-1.95313
26.87848;-1.96969
26.90346;-1.96969
26.92844;-1.96969
26.95342;-1.96969
26.9784;-1.98187
27.00338;-1.98187
27.02836;-1.98187
27.05334;-1.98187
27.07832;-1.98344
27.1033;-1.98344
27.12828;-1.98344
27.15326;-1.98344
27.17824;-1.98031
27.20322;-1.98031
27.2282;-1.98031
27.25318;-1.98031
27.27816;-1.98438
27.30314;-1.98438
27.32812;-1.98438
27.3531;-1.98438
27.37808;-1.965
27.40306;-1.965
27.42804;-1.965
27.45302;-1.965
27.478;-1.98562
27.50298;-1.98562
27.52796;-1.98562
27.55294;-1.98562
27.57792;-1.99062
27.6029;-1.99062
27.62788;-1.99062
27.65286;-1.99062
27.67784;-1.9925
27.70282;-1.9925
27.7278;-1.9925
27.75278;-1.9925
27.77776;-1.97938
27.80274;-1.97938
27.82772;-1.97938
27.8527;-1.97938
27.87768;-1.97281
27.90266;-1.97281
27.92764;-1.97281
27.95262;-1.97281
27.9776;-1.99094
28.00258;-1.99094
28.02756;-1.99094
28.05254;-1.99094
28.07752;-1.97562
28.1025;-1.97562
28.12748;-1.97562
28.15246;-1.97562
28.17744;-1.98094
28.20242;-1.98094
28.2274;-1.98094
28.25238;-1.98094
28.27736;-1.96969
28.30234;-1.96969
28.32732;-1.96969
28.3523;-1.96969
28.37728;-1.9775
28.40226;-1.9775
28.42724;-1.9775
28.45222;-1.9775
28.4772;-2.00563
28.50218;-2.00563
28.52716;-2.00563
28.55214;-2.00563
28.57712;-1.99156
28.6021;-1.99156
28.62708;-1.99156
28.65206;-1.99156
28.67704;-2.00563
28.70202;-2.00563
28.727;-2.00563
28.75198;-2.00563
28.77696;-1.99875
28.80194;-1.99875
28.82692;-1.99875
28.8519;-1.99875
28.87688;-1.99219
28.90186;-1.99219
28.92684;-1.99219
28.95182;-1.99219
28.9768;-1.97938
29.00178;-1.97938
29.02676;-1.97938
29.05174;-1.97938
29.07672;-1.97687
29.1017;-1.97687
29.12668;-1.97687
29.15166;-1.97687
29.17664;-1.98625
29.20162;-1.98625
29.2266;-1.98625
29.25158;-1.98625
29.27656;-1.97469
29.30154;-1.97469
29.32652;-1.97469
29.3515;-1.97469
29.37648;-1.97469
29.40146;-1.97469
29.42644;-1.97469
29.45142;-1.97469
29.4764;-1.94
29.50138;-1.94
29.52636;-1.94
29.55134;-1.94
29.57632;-1.97562
29.6013;-1.97562
29.62628;-1.97562
29.65126;-1.97562
29.67624;-1.97312
29.70122;-1.97312
29.7262;-1.97312
29.75118;-1.97312
29.77616;-1.98469
29.80114;-1.98469
29.82612;-1.98469
29.8511;-1.98469
29.87608;-2.01062
29.90106;-2.01062
29.92604;-2.01062
29.95102;-2.01062
29.976;-1.99469
30.00098;-1.99469
30.02596;-1.99469
30.05094;-1.99469
30.07592;-2
30.1009;-2
30.12588;-2
30.15086;-2
30.17584;-1.99656
30.20082;-1.99656
30.2258;-1.99656
30.25078;-1.99656
30.27576;-1.99812
30.30074;-1.99812
30.32572;-1.99812
30.3507;-1.99812
30.37568;-1.98469
30.40066;-1.98469
30.42564;-1.98469
30.45062;-1.98469
30.4756;-1.97812
30.50058;-1.97812
30.52556;-1.97812
30.55054;-1.97812
30.57552;-1.97438
30.6005;-1.97438
30.62548;-1.97438
30.65046;-1.97438
30.67544;-1.98531
30.70042;-1.98531
30.7254;-1.98531
30.75038;-1.98531
30.77536;-2.00813
30.80034;-2.00813
30.82532;-2.00813
30.8503;-2.00813
30.87528;-1.99719
30.90026;-1.99719
30.92524;-1.99719
30.95022;-1.99719
30.9752;-1.99781
31.00018;-1.99781
31.02516;-1.99781
31.05014;-1.99781
31.07512;-1.9825
31.1001;-1.9825
31.12508;-1.9825
31.15006;-1.9825
31.17504;-1.97031
31.20002;-1.97031
31.225;-1.97031
31.24998;-1.97031
31.27496;-1.9825
31.29994;-1.9825
31.32492;-1.9825
31.3499;-1.9825
31.37488;-1.99844
31.39986;-1.99844
31.42484;-1.99844
31.44982;-1.99844
31.4748;-1.99094
31.49978;-1.99094
31.52476;-1.99094
31.54974;-1.99094
31.57472;-1.98187
31.5997;-1.98187
31.62468;-1.98187
31.64966;-1.98187
31.67464;-1.97187
31.69962;-1.97187
31.7246;-1.97187
31.74958;-1.97187
31.77456;-1.97156
31.79954;-1.97156
31.82452;-1.97156
31.8495;-1.97156
31.87448;-1.97
31.89946;-1.97
31.92444;-1.97
31.94942;-1.97
31.9744;-1.96687
31.99938;-1.96687
32.02436;-1.96687
32.04934;-1.96687
32.07432;-1.96219
32.0993;-1.96219
32.12428;-1.96219
32.14926;-1.96219
32.17424;-1.96469
32.19922;-1.96469
32.2242;-1.96469
32.24918;-1.96469
32.27416;-1.96344
32.29914;-1.96344
32.32412;-1.96344
32.3491;-1.96344
32.37408;-1.96
32.39906;-1.96
32.42404;-1.96
32.44902;-1.96
32.474;-1.95437
32.49898;-1.95437
32.52396;-1.95437
32.54894;-1.95437
32.57392;-1.94781
32.5989;-1.94781
32.62388;-1.94781
32.64886;-1.94781
32.67384;-1.94031
32.69882;-1.94031
32.7238;-1.94031
32.74878;-1.94031
32.77376;-1.94094
32.79874;-1.94094
32.82372;-1.94094
32.8487;-1.94094
32.87368;-1.93312
32.89866;-1.93312
32.92364;-1.93312
32.94862;-1.93312
32.9736;-1.93719
32.99858;-1.93719
33.02356;-1.93719
33.04854;-1.93719
33.07352;-1.92031
33.0985;-1.92031
33.12348;-1.92031
33.14846;-1.92031
33.17344;-1.92781
33.19842;-1.92781
33.2234;-1.92781
33.24838;-1.92781
33.27336;-1.91469
33.29834;-1.91469
33.32332;-1.91469
33.3483;-1.91469
33.37328;-1.91688
33.39826;-1.91688
33.42324;-1.91688
33.44822;-1.91688
33.4732;-1.91
33.49818;-1.91
33.52316;-1.91
33.54814;-1.91
33.57312;-1.89594
33.5981;-1.89594
33.62308;-1.89594
33.64806;-1.89594
33.67304;-1.88312
33.69802;-1.88312
33.723;-1.88312
33.74798;-1.88312
33.77296;-1.9025
33.79794;-1.9025
33.82292;-1.9025
33.8479;-1.9025
33.87288;-1.89375
33.89786;-1.89375
33.92284;-1.89375
33.94782;-1.89375
33.9728;-1.87219
33.99778;-1.87219
34.02276;-1.87219
34.04774;-1.87219
34.07272;-1.87719
34.0977;-1.87719
34.12268;-1.87719
34.14766;-1.87719
34.17264;-1.86969
34.19762;-1.86969
34.2226;-1.86969
34.24758;-1.86969
34.27256;-1.86594
34.29754;-1.86594
34.32252;-1.86594
34.3475;-1.86594
34.37248;-1.84406
34.39746;-1.84406
34.42244;-1.84406
34.44742;-1.84406
34.4724;-1.83031
34.49738;-1.83031
34.52236;-1.83031
34.54734;-1.83031
34.57232;-1.81156
34.5973;-1.81156
34.62228;-1.81156
34.64726;-1.81156
34.67224;-1.81187
34.69722;-1.81187
34.7222;-1.81187
34.74718;-1.81187
34.77216;-1.835
34.79714;-1.835
34.82212;-1.835
34.8471;-1.835
34.87208;-1.80031
34.89706;-1.80031
34.92204;-1.80031
34.94702;-1.80031
34.972;-1.78531
34.99698;-1.78531
35.02196;-1.78531
35.04694;-1.78531
35.07192;-1.75812
35.0969;-1.75812
35.12188;-1.75812
35.14686;-1.75812
35.17184;-1.73125
35.19682;-1.73125
35.2218;-1.73125
35.24678;-1.73125
35.27176;-1.70937
35.29674;-1.70937
35.32172;-1.70937
35.3467;-1.70937
35.37168;-1.69469
35.39666;-1.69469
35.42164;-1.69469
35.44662;-1.69469
35.4716;-1.665
35.49658;-1.665
35.52156;-1.665
35.54654;-1.665
35.57152;-1.65188
35.5965;-1.65188
35.62148;-1.65188
35.64646;-1.65188
35.67144;-1.63
35.69642;-1.63
35.7214;-1.63
35.74638;-1.63
35.77136;-1.64063
35.79634;-1.64063
35.82132;-1.64063
35.8463;-1.64063
35.87128;-1.66719
35.89626;-1.66719
35.92124;-1.66719
35.94622;-1.66719
35.9712;-1.63531
35.99618;-1.63531
36.02116;-1.63531
36.04614;-1.63531
36.07112;-1.615
36.0961;-1.615
36.12108;-1.615
36.14606;-1.615
36.17104;-1.59844
36.19602;-1.59844
36.221;-1.59844
36.24598;-1.59844
36.27096;-1.57281
36.29594;-1.57281
36.32092;-1.57281
36.3459;-1.57281
36.37088;-1.58
36.39586;-1.58
36.42084;-1.58
36.44582;-1.58
36.4708;-1.59594
36.49578;-1.59594
36.52076;-1.59594
36.54574;-1.59594
36.57072;-1.59469
36.5957;-1.59469
36.62068;-1.59469
36.64566;-1.59469
36.67064;-1.56
36.69562;-1.56
36.7206;-1.56
36.74558;-1.56
36.77056;-1.5575
36.79554;-1.5575
36.82052;-1.5575
36.8455;-1.5575
36.87048;-1.56
36.89546;-1.56
36.92044;-1.56
36.94542;-1.56
36.9704;-1.55562
36.99538;-1.55562
37.02036;-1.55562
37.04534;-1.55562
37.07032;-1.54375
37.0953;-1.54375
37.12028;-1.54375
37.14526;-1.54375
37.17024;-1.55969
37.19522;-1.55969
37.2202;-1.55969
37.24518;-1.55969
37.27016;-1.57219
37.29514;-1.57219
37.32012;-1.57219
37.3451;-1.57219
37.37008;-1.57875
37.39506;-1.57875
37.42004;-1.57875
37.44502;-1.57875
37.47;-1.56531
37.49498;-1.56531
37.51996;-1.56531
37.54494;-1.56531
37.56992;-1.58594
37.5949;-1.58594
37.61988;-1.58594
37.64486;-1.58594
37.66984;-1.56937
37.69482;-1.56937
37.7198;-1.56937
37.74478;-1.56937
37.76976;-1.58438
37.79474;-1.58438
37.81972;-1.58438
37.8447;-1.58438
37.86968;-1.5875
37.89466;-1.5875
37.91964;-1.5875
37.94462;-1.5875
37.9696;-1.59344
37.99458;-1.59344
38.01956;-1.59344
38.04454;-1.59344
38.06952;-1.5825
38.0945;-1.5825
38.11948;-1.5825
38.14446;-1.5825
38.16944;-1.59344
38.19442;-1.59344
38.2194;-1.59344
38.24438;-1.59344
38.26936;-1.59531
38.29434;-1.59531
38.31932;-1.59531
38.3443;-1.59531
38.36928;-1.60406
38.39426;-1.60406
38.41924;-1.60406
38.44422;-1.60406
38.4692;-1.60156
38.49418;-1.60156
38.51916;-1.60156
38.54414;-1.60156
38.56912;-1.60062
38.5941;-1.60062
38.61908;-1.60062
38.64406;-1.60062
38.66904;-1.59844
38.69402;-1.59844
38.719;-1.59844
38.74398;-1.59844
38.76896;-1.61469
38.79394;-1.61469
38.81892;-1.61469
38.8439;-1.61469
38.86888;-1.60344
38.89386;-1.60344
38.91884;-1.60344
38.94382;-1.60344
38.9688;-1.60719
38.99378;-1.60719
39.01876;-1.60719
39.04374;-1.60719
39.06872;-1.59531
39.0937;-1.59531
39.11868;-1.59531
39.14366;-1.59531
39.16864;-1.61
39.19362;-1.61
39.2186;-1.61
39.24358;-1.61
39.26856;-1.61094
39.29354;-1.61094
39.31852;-1.61094
39.3435;-1.61094
39.36848;-1.62594
39.39346;-1.62594
39.41844;-1.62594
39.44342;-1.62594
39.4684;-1.63219
39.49338;-1.63219
39.51836;-1.63219
39.54334;-1.63219
39.56832;-1.63719
39.5933;-1.63719
39.61828;-1.63719
39.64326;-1.63719
39.66824;-1.63812
39.69322;-1.63812
39.7182;-1.63812
39.74318;-1.63812
39.76816;-1.63437
39.79314;-1.63437
39.81812;-1.63437
39.8431;-1.63437
39.86808;-1.64719
39.89306;-1.64719
39.91804;-1.64719
39.94302;-1.64719
39.968;-1.64625
39.99298;-1.64625
40.01796;-1.64625
40.04294;-1.64625
40.06792;-1.64875
40.0929;-1.64875
40.11788;-1.64875
40.14286;-1.64875
40.16784;-1.645
40.19282;-1.645
40.2178;-1.645
40.24278;-1.645
40.26776;-1.63969
40.29274;-1.63969
40.31772;-1.63969
40.3427;-1.63969
40.36768;-1.63844
40.39266;-1.63844
40.41764;-1.63844
40.44262;-1.63844
40.4676;-1.64312
40.49258;-1.64312
40.51756;-1.64312
40.54254;-1.64312
40.56752;-1.63906
40.5925;-1.63906
40.61748;-1.63906
40.64246;-1.63906
40.66744;-1.64469
40.69242;-1.64469
40.7174;-1.64469
40.74238;-1.64469
40.76736;-1.65781
40.79234;-1.65781
40.81732;-1.65781
40.8423;-1.65781
40.86728;-1.66125
40.89226;-1.66125
40.91724;-1.66125
40.94222;-1.66125
40.9672;-1.66531
40.99218;-1.66531
41.01716;-1.66531
41.04214;-1.66531
41.06712;-1.6625
41.0921;-1.6625
41.11708;-1.6625
41.14206;-1.6625
41.16704;-1.66156
41.19202;-1.66156
41.217;-1.66156
41.24198;-1.66156
41.26696;-1.66688
41.29194;-1.66688
41.31692;-1.66688
41.3419;-1.66688
41.36688;-1.66
41.39186;-1.66
41.41684;-1.66
41.44182;-1.66
41.4668;-1.68594
41.49178;-1.68594
41.51676;-1.68594
41.54174;-1.68594
41.56672;-1.67656
41.5917;-1.67656
41.61668;-1.67656
41.64166;-1.67656
41.66664;-1.66031
41.69162;-1.66031
41.7166;-1.66031
41.74158;-1.66031
41.76656;-1.67125
41.79154;-1.67125
41.81652;-1.67125
41.8415;-1.67125
41.86648;-1.65781
41.89146;-1.65781
41.91644;-1.65781
41.94142;-1.65781
41.9664;-1.67
41.99138;-1.67
42.01636;-1.67
42.04134;-1.67
42.06632;-1.67094
42.0913;-1.67094
42.11628;-1.67094
42.14126;-1.67094
42.16624;-1.67812
42.19122;-1.67812
42.2162;-1.67812
42.24118;-1.67812
42.26616;-1.69
42.29114;-1.69
42.31612;-1.69
42.3411;-1.69
42.36608;-1.69937
42.39106;-1.69937
42.41604;-1.69937
42.44102;-1.69937
42.466;-1.68969
42.49098;-1.68969
42.51596;-1.68969
42.54094;-1.68969
42.56592;-1.68687
42.5909;-1.68687
42.61588;-1.68687
42.64086;-1.68687
42.66584;-1.67875
42.69082;-1.67875
42.7158;-1.67875
42.74078;-1.67875
42.76576;-1.67188
42.79074;-1.67188
42.81572;-1.67188
42.8407;-1.67188
42.86568;-1.68
42.89066;-1.68
42.91564;-1.68
42.94062;-1.68
42.9656;-1.66656
42.99058;-1.66656
43.01556;-1.66656
43.04054;-1.66656
43.06552;-1.69406
43.0905;-1.69406
43.11548;-1.69406
43.14046;-1.69406
43.16544;-1.68813
43.19042;-1.68813
43.2154;-1.68813
43.24038;-1.68813
43.26536;-1.68406
43.29034;-1.68406
43.31532;-1.68406
43.3403;-1.68406
43.36528;-1.66625
43.39026;-1.66625
43.41524;-1.66625
43.44022;-1.66625
43.4652;-1.66969
43.49018;-1.66969
43.51516;-1.66969
43.54014;-1.66969
43.56512;-1.68437
43.5901;-1.68437
43.61508;-1.68437
43.64006;-1.68437
43.66504;-1.68031
43.69002;-1.68031
43.715;-1.68031
43.73998;-1.68031
43.76496;-1.67281
43.78994;-1.67281
43.81492;-1.67281
43.8399;-1.67281
43.86488;-1.68344
43.88986;-1.68344
43.91484;-1.68344
43.93982;-1.68344
43.9648;-1.67469
43.98978;-1.67469
44.01476;-1.67469
44.03974;-1.67469
44.06472;-1.66875
44.0897;-1.66875
44.11468;-1.66875
44.13966;-1.66875
44.16464;-1.66125
44.18962;-1.66125
44.2146;-1.66125
44.23958;-1.66125
44.26456;-1.67844
44.28954;-1.67844
44.31452;-1.67844
44.3395;-1.67844
44.36448;-1.67375
44.38946;-1.67375
44.41444;-1.67375
44.43942;-1.67375
44.4644;-1.68187
44.48938;-1.68187
44.51436;-1.68187
44.53934;-1.68187
44.56432;-1.67125
44.5893;-1.67125
44.61428;-1.67125
44.63926;-1.67125
44.66424;-1.67312
44.68922;-1.67312
44.7142;-1.67312
44.73918;-1.67312
44.76416;-1.675
44.78914;-1.675
44.81412;-1.675
44.8391;-1.675
44.86408;-1.66969
44.88906;-1.66969
44.91404;-1.66969
44.93902;-1.66969
44.964;-1.66781
44.98898;-1.66781
45.01396;-1.66781
45.03894;-1.66781
45.06392;-1.68562
45.0889;-1.68562
45.11388;-1.68562
45.13886;-1.68562
45.16384;-1.67937
45.18882;-1.67937
45.2138;-1.67937
45.23878;-1.67937
45.26376;-1.6725
45.28874;-1.6725
45.31372;-1.6725
45.3387;-1.6725
45.36368;-1.67344
45.38866;-1.67344
45.41364;-1.67344
45.43862;-1.67344
45.4636;-1.68469
45.48858;-1.68469
45.51356;-1.68469
45.53854;-1.68469
45.56352;-1.68031
45.5885;-1.68031
45.61348;-1.68031
45.63846;-1.68031
45.66344;-1.67969
45.68842;-1.67969
45.7134;-1.67969
45.73838;-1.67969
45.76336;-1.6625
45.78834;-1.6625
45.81332;-1.6625
45.8383;-1.6625
45.86328;-1.67156
45.88826;-1.67156
45.91324;-1.67156
45.93822;-1.67156
45.9632;-1.67844
45.98818;-1.67844
46.01316;-1.67844
46.03814;-1.67844
46.06312;-1.6725
46.0881;-1.6725
46.11308;-1.6725
46.13806;-1.6725
46.16304;-1.68656
46.18802;-1.68656
46.213;-1.68656
46.23798;-1.68656
46.26296;-1.67687
46.28794;-1.67687
46.31292;-1.67687
46.3379;-1.67687
46.36288;-1.67906
46.38786;-1.67906
46.41284;-1.67906
46.43782;-1.67906
46.4628;-1.67062
46.48778;-1.67062
46.51276;-1.67062
46.53774;-1.67062
46.56272;-1.67344
46.5877;-1.67344
46.61268;-1.67344
46.63766;-1.67344
46.66264;-1.69562
46.68762;-1.69562
46.7126;-1.69562
46.73758;-1.69562
46.76256;-1.68656
46.78754;-1.68656
46.81252;-1.68656
46.8375;-1.68656
46.86248;-1.67656
46.88746;-1.67656
46.91244;-1.67656
46.93742;-1.67656
46.9624;-1.68875
46.98738;-1.68875
47.01236;-1.68875
47.03734;-1.68875
47.06232;-1.68687
47.0873;-1.68687
47.11228;-1.68687
47.13726;-1.68687
47.16224;-1.6775
47.18722;-1.6775
47.2122;-1.6775
47.23718;-1.6775
47.26216;-1.69125
47.28714;-1.69125
47.31212;-1.69125
47.3371;-1.69125
47.36208;-1.68687
47.38706;-1.68687
47.41204;-1.68687
47.43702;-1.68687
47.462;-1.67875
47.48698;-1.67875
47.51196;-1.67875
47.53694;-1.67875
47.56192;-1.675
47.5869;-1.675
47.61188;-1.675
47.63686;-1.675
47.66184;-1.68562
47.68682;-1.68562
47.7118;-1.68562
47.73678;-1.68562
47.76176;-1.68969
47.78674;-1.68969
47.81172;-1.68969
47.8367;-1.68969
47.86168;-1.69281
47.88666;-1.69281
47.91164;-1.69281
47.93662;-1.69281
47.9616;-1.69344
47.98658;-1.69344
48.01156;-1.69344
48.03654;-1.69344
48.06152;-1.70406
48.0865;-1.70406
48.11148;-1.70406
48.13646;-1.70406
48.16144;-1.69156
48.18642;-1.69156
48.2114;-1.69156
48.23638;-1.69156
48.26136;-1.68031
48.28634;-1.68031
48.31132;-1.68031
48.3363;-1.68031
48.36128;-1.67906
48.38626;-1.67906
48.41124;-1.67906
48.43622;-1.67906
48.4612;-1.68781
48.48618;-1.68781
48.51116;-1.68781
48.53614;-1.68781
48.56112;-1.68187
48.5861;-1.68187
48.61108;-1.68187
48.63606;-1.68187
48.66104;-1.6875
48.68602;-1.6875
48.711;-1.6875
48.73598;-1.6875
48.76096;-1.69375
48.78594;-1.69375
48.81092;-1.69375
48.8359;-1.69375
48.86088;-1.67531
48.88586;-1.67531
48.91084;-1.67531
48.93582;-1.67531
48.9608;-1.67875
48.98578;-1.67875
49.01076;-1.67875
49.03574;-1.67875
49.06072;-1.675
49.0857;-1.675
49.11068;-1.675
49.13566;-1.675
49.16064;-1.68781
49.18562;-1.68781
49.2106;-1.68781
49.23558;-1.68781
49.26056;-1.68313
49.28554;-1.68313
49.31052;-1.68313
49.3355;-1.68313
49.36048;-1.6725
49.38546;-1.6725
49.41044;-1.6725
49.43542;-1.6725
49.4604;-1.66688
49.48538;-1.66688
49.51036;-1.66688
49.53534;-1.66688
49.56032;-1.66312
49.5853;-1.66312
49.61028;-1.66312
49.63526;-1.66312
49.66024;-1.66656
49.68522;-1.66656
49.7102;-1.66656
49.73518;-1.66656
49.76016;-1.67719
49.78514;-1.67719
49.81012;-1.67719
49.8351;-1.67719
49.86008;-1.72438
49.88506;-1.72438
49.91004;-1.72438
49.93502;-1.72438
49.96;-1.71375
49.98498;-1.71375
50.00996;-1.71375
50.03494;-1.71375
50.05992;-1.7075
50.0849;-1.7075
50.10988;-1.7075
50.13486;-1.7075
50.15984;-1.71875
50.18482;-1.71875
50.2098;-1.71875
50.23478;-1.71875
50.25976;-1.70875
50.28474;-1.70875
50.30972;-1.70875
50.3347;-1.70875
50.35968;-1.71219
50.38466;-1.71219
50.40964;-1.71219
50.43462;-1.71219
50.4596;-1.715
50.48458;-1.715
50.50956;-1.715
50.53454;-1.715
50.55952;-1.70437
50.5845;-1.70437
50.60948;-1.70437
50.63446;-1.70437
50.65944;-1.70531
50.68442;-1.70531
50.7094;-1.70531
50.73438;-1.70531
50.75936;-1.71187
50.78434;-1.71187
50.80932;-1.71187
50.8343;-1.71187
50.85928;-1.71156
50.88426;-1.71156
50.90924;-1.71156
50.93422;-1.71156
50.9592;-1.71187
50.98418;-1.71187
51.00916;-1.71187
51.03414;-1.71187
51.05912;-1.70969
51.0841;-1.70969
51.10908;-1.70969
51.13406;-1.70969
51.15904;-1.7275
51.18402;-1.7275
51.209;-1.7275
51.23398;-1.7275
51.25896;-1.73937
51.28394;-1.73937
51.30892;-1.73937
51.3339;-1.73937
51.35888;-1.74062
51.38386;-1.74062
51.40884;-1.74062
51.43382;-1.74062
51.4588;-1.73062
51.48378;-1.73062
51.50876;-1.73062
51.53374;-1.73062
51.55872;-1.73531
51.5837;-1.73531
51.60868;-1.73531
51.63366;-1.73531
51.65864;-1.72469
51.68362;-1.72469
51.7086;-1.72469
51.73358;-1.72469
51.75856;-1.71031
51.78354;-1.71031
51.80852;-1.71031
51.8335;-1.71031
51.85848;-1.70625
51.88346;-1.70625
51.90844;-1.70625
51.93342;-1.70625
51.9584;-1.715
51.98338;-1.715
52.00836;-1.715
52.03334;-1.715
52.05832;-1.71375
52.0833;-1.71375
52.10828;-1.71375
52.13326;-1.71375
52.15824;-1.71031
52.18322;-1.71031
52.2082;-1.71031
52.23318;-1.71031
52.25816;-1.7
52.28314;-1.7
52.30812;-1.7
52.3331;-1.7
52.35808;-1.70156
52.38306;-1.70156
52.40804;-1.70156
52.43302;-1.70156
52.458;-1.68781
52.48298;-1.68781
52.50796;-1.68781
52.53294;-1.68781
52.55792;-1.67812
52.5829;-1.67812
52.60788;-1.67812
52.63286;-1.67812
52.65784;-1.68687
52.68282;-1.68687
52.7078;-1.68687
52.73278;-1.68687
52.75776;-1.6925
52.78274;-1.6925
52.80772;-1.6925
52.8327;-1.6925
52.85768;-1.69156
52.88266;-1.69156
52.90764;-1.69156
52.93262;-1.69156
52.9576;-1.67719
52.98258;-1.67719
53.00756;-1.67719
53.03254;-1.67719
53.05752;-1.70094
53.0825;-1.70094
53.10748;-1.70094
53.13246;-1.70094
53.15744;-1.70437
53.18242;-1.70437
53.2074;-1.70437
53.23238;-1.70437
53.25736;-1.71031
53.28234;-1.71031
53.30732;-1.71031
53.3323;-1.71031
53.35728;-1.705
53.38226;-1.705
53.40724;-1.705
53.43222;-1.705
53.4572;-1.69875
53.48218;-1.69875
53.50716;-1.69875
53.53214;-1.69875
53.55712;-1.69937
53.5821;-1.69937
53.60708;-1.69937
53.63206;-1.69937
53.65704;-1.69344
53.68202;-1.69344
53.707;-1.69344
53.73198;-1.69344
53.75696;-1.6825
53.78194;-1.6825
53.80692;-1.6825
53.8319;-1.6825
53.85688;-1.7225
53.88186;-1.7225
53.90684;-1.7225
53.93182;-1.7225
53.9568;-1.70812
53.98178;-1.70812
54.00676;-1.70812
54.03174;-1.70812
54.05672;-1.71031
54.0817;-1.71031
54.10668;-1.71031
54.13166;-1.71031
54.15664;-1.70094
54.18162;-1.70094
54.2066;-1.70094
54.23158;-1.70094
54.25656;-1.71781
54.28154;-1.71781
54.30652;-1.71781
54.3315;-1.71781
54.35648;-1.70625
54.38146;-1.70625
54.40644;-1.70625
54.43142;-1.70625
54.4564;-1.715
54.48138;-1.715
54.50636;-1.715
54.53134;-1.715
54.55632;-1.71938
54.5813;-1.71938
54.60628;-1.71938
54.63126;-1.71938
54.65624;-1.72031
54.68122;-1.72031
54.7062;-1.72031
54.73118;-1.72031
54.75616;-1.71187
54.78114;-1.71187
54.80612;-1.71187
54.8311;-1.71187
54.85608;-1.7025
54.88106;-1.7025
54.90604;-1.7025
54.93102;-1.7025
54.956;-1.70719
54.98098;-1.70719
55.00596;-1.70719
55.03094;-1.70719
55.05592;-1.72281
55.0809;-1.72281
55.10588;-1.72281
55.13086;-1.72281
55.15584;-1.68969
55.18082;-1.68969
55.2058;-1.68969
55.23078;-1.68969
55.25576;-1.67719
55.28074;-1.67719
55.30572;-1.67719
55.3307;-1.67719
55.35568;-1.69062
55.38066;-1.69062
55.40564;-1.69062
55.43062;-1.69062
55.4556;-1.68187
55.48058;-1.68187
55.50556;-1.68187
55.53054;-1.68187
55.55552;-1.66188
55.5805;-1.66188
55.60548;-1.66188
55.63046;-1.66188
55.65544;-1.67844
55.68042;-1.67844
55.7054;-1.67844
55.73038;-1.67844
55.75536;-1.68406
55.78034;-1.68406
55.80532;-1.68406
55.8303;-1.68406
55.85528;-1.67531
55.88026;-1.67531
55.90524;-1.67531
55.93022;-1.67531
55.9552;-1.65937
55.98018;-1.65937
56.00516;-1.65937
56.03014;-1.65937
56.05512;-1.67125
56.0801;-1.67125
56.10508;-1.67125
56.13006;-1.67125
56.15504;-1.67656
56.18002;-1.67656
56.205;-1.67656
56.22998;-1.67656
56.25496;-1.67594
56.27994;-1.67594
56.30492;-1.67594
56.3299;-1.67594
56.35488;-1.68406
56.37986;-1.68406
56.40484;-1.68406
56.42982;-1.68406
56.4548;-1.69469
56.47978;-1.69469
56.50476;-1.69469
56.52974;-1.69469
56.55472;-1.67844
56.5797;-1.67844
56.60468;-1.67844
56.62966;-1.67844
56.65464;-1.66906
56.67962;-1.66906
56.7046;-1.66906
56.72958;-1.66906
56.75456;-1.67562
56.77954;-1.67562
56.80452;-1.67562
56.8295;-1.67562
56.85448;-1.67937
56.87946;-1.67937
56.90444;-1.67937
56.92942;-1.67937
56.9544;-1.68125
56.97938;-1.68125
57.00436;-1.68125
57.02934;-1.68125
57.05432;-1.66312
57.0793;-1.66312
57.10428;-1.66312
57.12926;-1.66312
57.15424;-1.65906
57.17922;-1.65906
57.2042;-1.65906
57.22918;-1.65906
57.25416;-1.67812
57.27914;-1.67812
57.30412;-1.67812
57.3291;-1.67812
57.35408;-1.7025
57.37906;-1.7025
57.40404;-1.7025
57.42902;-1.7025
57.454;-1.69156
57.47898;-1.69156
57.50396;-1.69156
57.52894;-1.69156
57.55392;-1.68219
57.5789;-1.68219
57.60388;-1.68219
57.62886;-1.68219
57.65384;-1.68219
57.67882;-1.68219
57.7038;-1.68219
57.72878;-1.68219
57.75376;-1.68156
57.77874;-1.68156
57.80372;-1.68156
57.8287;-1.68156
57.85368;-1.67906
57.87866;-1.67906
57.90364;-1.67906
57.92862;-1.67906
57.9536;-1.67188
57.97858;-1.67188
58.00356;-1.67188
58.02854;-1.67188
58.05352;-1.68344
58.0785;-1.68344
58.10348;-1.68344
58.12846;-1.68344
58.15344;-1.68687
58.17842;-1.68687
58.2034;-1.68687
58.22838;-1.68687
58.25336;-1.67719
58.27834;-1.67719
58.30332;-1.67719
58.3283;-1.67719
58.35328;-1.67562
58.37826;-1.67562
58.40324;-1.67562
58.42822;-1.67562
58.4532;-1.67281
58.47818;-1.67281
58.50316;-1.67281
58.52814;-1.67281
58.55312;-1.68875
58.5781;-1.68875
58.60308;-1.68875
58.62806;-1.68875
58.65304;-1.6875
58.67802;-1.6875
58.703;-1.6875
58.72798;-1.6875
58.75296;-1.68531
58.77794;-1.68531
58.80292;-1.68531
58.8279;-1.68531
58.85288;-1.66156
58.87786;-1.66156
58.90284;-1.66156
58.92782;-1.66156
58.9528;-1.67437
58.97778;-1.67437
59.00276;-1.67437
59.02774;-1.67437
59.05272;-1.675
59.0777;-1.675
59.10268;-1.675
59.12766;-1.675
59.15264;-1.68
59.17762;-1.68
59.2026;-1.68
59.22758;-1.68
59.25256;-1.67531
59.27754;-1.67531
59.30252;-1.67531
59.3275;-1.67531
59.35248;-1.66719
59.37746;-1.66719
59.40244;-1.66719
59.42742;-1.66719
59.4524;-1.66469
59.47738;-1.66469
59.50236;-1.66469
59.52734;-1.66469
59.55232;-1.66062
59.5773;-1.66062
59.60228;-1.66062
59.62726;-1.66062
59.65224;-1.6725
59.67722;-1.6725
59.7022;-1.6725
59.72718;-1.6725
59.75216;-1.68531
59.77714;-1.68531
59.80212;-1.68531
59.8271;-1.68531
59.85208;-1.70812
59.87706;-1.70812
59.90204;-1.70812
59.92702;-1.70812
59.952;-1.71906
59.97698;-1.71906
60.00196;-1.71906
60.02694;-1.71906
60.05192;-1.71562
60.0769;-1.71562
60.10188;-1.71562
60.12686;-1.71562
60.15184;-1.71625
60.17682;-1.71625
60.2018;-1.71625
60.22678;-1.71625
60.25176;-1.69813
60.27674;-1.69813
60.30172;-1.69813
60.3267;-1.69813
60.35168;-1.74187
60.37666;-1.74187
60.40164;-1.74187
60.42662;-1.74187
60.4516;-1.705
60.47658;-1.705
60.50156;-1.705
60.52654;-1.705
60.55152;-1.7075
60.5765;-1.7075
60.60148;-1.7075
60.62646;-1.7075
60.65144;-1.71812
60.67642;-1.71812
60.7014;-1.71812
60.72638;-1.71812
60.75136;-1.70906
60.77634;-1.70906
60.80132;-1.70906
60.8263;-1.70906
60.85128;-1.69937
60.87626;-1.69937
60.90124;-1.69937
60.92622;-1.69937
60.9512;-1.68313
60.97618;-1.68313
61.00116;-1.68313
61.02614;-1.68313
61.05112;-1.6875
61.0761;-1.6875
61.10108;-1.6875
61.12606;-1.6875
61.15104;-1.6725
61.17602;-1.6725
61.201;-1.6725
61.22598;-1.6725
61.25096;-1.6825
61.27594;-1.6825
61.30092;-1.6825
61.3259;-1.6825
61.35088;-1.6975
61.37586;-1.6975
61.40084;-1.6975
61.42582;-1.6975
61.4508;-1.70937
61.47578;-1.70937
61.50076;-1.70937
61.52574;-1.70937
61.55072;-1.69062
61.5757;-1.69062
61.60068;-1.69062
61.62566;-1.69062
61.65064;-1.66188
61.67562;-1.66188
61.7006;-1.66188
61.72558;-1.66188
61.75056;-1.66656
61.77554;-1.66656
61.80052;-1.66656
61.8255;-1.66656
61.85048;-1.665
61.87546;-1.665
61.90044;-1.665
61.92542;-1.665
61.9504;-1.69187
61.97538;-1.69187
62.00036;-1.69187
62.02534;-1.69187
62.05032;-1.665
62.0753;-1.665
62.10028;-1.665
62.12526;-1.665
62.15024;-1.67969
62.17522;-1.67969
62.2002;-1.67969
62.22518;-1.67969
62.25016;-1.70844
62.27514;-1.70844
62.30012;-1.70844
62.3251;-1.70844
62.35008;-1.7125
62.37506;-1.7125
62.40004;-1.7125
62.42502;-1.7125
62.45;-1.70781
62.47498;-1.70781
62.49996;-1.70781
62.52494;-1.70781
62.54992;-1.70687
62.5749;-1.70687
62.59988;-1.70687
62.62486;-1.70687
62.64984;-1.72969
62.67482;-1.72969
62.6998;-1.72969
62.72478;-1.72969
62.74976;-1.69375
62.77474;-1.69375
62.79972;-1.69375
62.8247;-1.69375
62.84968;-1.69094
62.87466;-1.69094
62.89964;-1.69094
62.92462;-1.69094
62.9496;-1.7175
62.97458;-1.7175
62.99956;-1.7175
63.02454;-1.7175
63.04952;-1.69969
63.0745;-1.69969
63.09948;-1.69969
63.12446;-1.69969
63.14944;-1.70625
63.17442;-1.70625
63.1994;-1.70625
63.22438;-1.70625
63.24936;-1.69344
63.27434;-1.69344
63.29932;-1.69344
63.3243;-1.69344
63.34928;-1.68625
63.37426;-1.68625
63.39924;-1.68625
63.42422;-1.68625
63.4492;-1.67844
63.47418;-1.67844
63.49916;-1.67844
63.52414;-1.67844
63.54912;-1.67406
63.5741;-1.67406
63.59908;-1.67406
63.62406;-1.67406
63.64904;-1.67031
63.67402;-1.67031
63.699;-1.67031
63.72398;-1.67031
63.74896;-1.65812
63.77394;-1.65812
63.79892;-1.65812
63.8239;-1.65812
63.84888;-1.67062
63.87386;-1.67062
63.89884;-1.67062
63.92382;-1.67062
63.9488;-1.64625
63.97378;-1.64625
63.99876;-1.64625
64.02374;-1.64625
64.04872;-1.65375
64.0737;-1.65375
64.09868;-1.65375
64.12366;-1.65375
64.14864;-1.65875
64.17362;-1.65875
64.1986;-1.65875
64.22358;-1.65875
64.24856;-1.63469
64.27354;-1.63469
64.29852;-1.63469
64.3235;-1.63469
64.34848;-1.64469
64.37346;-1.64469
64.39844;-1.64469
64.42342;-1.64469
64.4484;-1.66062
64.47338;-1.66062
64.49836;-1.66062
64.52334;-1.66062
64.54832;-1.65031
64.5733;-1.65031
64.59828;-1.65031
64.62326;-1.65031
64.64824;-1.6475
64.67322;-1.6475
64.6982;-1.6475
64.72318;-1.6475
64.74816;-1.64063
64.77314;-1.64063
64.79812;-1.64063
64.8231;-1.64063
64.84808;-1.63187
64.87306;-1.63187
64.89804;-1.63187
64.92302;-1.63187
64.948;-1.62906
64.97298;-1.62906
64.99796;-1.62906
65.02294;-1.62906
65.04792;-1.65531
65.0729;-1.65531
65.09788;-1.65531
65.12286;-1.65531
65.14784;-1.65094
65.17282;-1.65094
65.1978;-1.65094
65.22278;-1.65094
65.24776;-1.65969
65.27274;-1.65969
65.29772;-1.65969
65.3227;-1.65969
65.34768;-1.65656
65.37266;-1.65656
65.39764;-1.65656
65.42262;-1.65656
65.4476;-1.63781
65.47258;-1.63781
65.49756;-1.63781
65.52254;-1.63781
65.54752;-1.64406
65.5725;-1.64406
65.59748;-1.64406
65.62246;-1.64406
65.64744;-1.63469
65.67242;-1.63469
65.6974;-1.63469
65.72238;-1.63469
65.74736;-1.635
65.77234;-1.635
65.79732;-1.635
65.8223;-1.635
65.84728;-1.64219
65.87226;-1.64219
65.89724;-1.64219
65.92222;-1.64219
65.9472;-1.64094
65.97218;-1.64094
65.99716;-1.64094
66.02214;-1.64094
66.04712;-1.63406
66.0721;-1.63406
66.09708;-1.63406
66.12206;-1.63406
66.14704;-1.62594
66.17202;-1.62594
66.197;-1.62594
66.22198;-1.62594
66.24696;-1.66875
66.27194;-1.66875
66.29692;-1.66875
66.3219;-1.66875
66.34688;-1.65594
66.37186;-1.65594
66.39684;-1.65594
66.42182;-1.65594
66.4468;-1.6625
66.47178;-1.6625
66.49676;-1.6625
66.52174;-1.6625
66.54672;-1.65875
66.5717;-1.65875
66.59668;-1.65875
66.62166;-1.65875
66.64664;-1.6475
66.67162;-1.6475
66.6966;-1.6475
66.72158;-1.6475
66.74656;-1.65469
66.77154;-1.65469
66.79652;-1.65469
66.8215;-1.65469
66.84648;-1.63344
66.87146;-1.63344
66.89644;-1.63344
66.92142;-1.63344
66.9464;-1.62844
66.97138;-1.62844
66.99636;-1.62844
67.02134;-1.62844
67.04632;-1.61812
67.0713;-1.61812
67.09628;-1.61812
67.12126;-1.61812
67.14624;-1.62281
67.17122;-1.62281
67.1962;-1.62281
67.22118;-1.62281
67.24616;-1.61937
67.27114;-1.61937
67.29612;-1.61937
67.3211;-1.61937
67.34608;-1.60281
67.37106;-1.60281
67.39604;-1.60281
67.42102;-1.60281
67.446;-1.61812
67.47098;-1.61812
67.49596;-1.61812
67.52094;-1.61812
67.54592;-1.61281
67.5709;-1.61281
67.59588;-1.61281
67.62086;-1.61281
67.64584;-1.61594
67.67082;-1.61594
67.6958;-1.61594
67.72078;-1.61594
67.74576;-1.61375
67.77074;-1.61375
67.79572;-1.61375
67.8207;-1.61375
67.84568;-1.60875
67.87066;-1.60875
67.89564;-1.60875
67.92062;-1.60875
67.9456;-1.62219
67.97058;-1.62219
67.99556;-1.62219
68.02054;-1.62219
68.04552;-1.64063
68.0705;-1.64063
68.09548;-1.64063
68.12046;-1.64063
68.14544;-1.63812
68.17042;-1.63812
68.1954;-1.63812
68.22038;-1.63812
68.24536;-1.63906
68.27034;-1.63906
68.29532;-1.63906
68.3203;-1.63906
68.34528;-1.63687
68.37026;-1.63687
68.39524;-1.63687
68.42022;-1.63687
68.4452;-1.63406
68.47018;-1.63406
68.49516;-1.63406
68.52014;-1.63406
68.54512;-1.625
68.5701;-1.625
68.59508;-1.625
68.62006;-1.625
68.64504;-1.62687
68.67002;-1.62687
68.695;-1.62687
68.71998;-1.62687
68.74496;-1.62031
68.76994;-1.62031
68.79492;-1.62031
68.8199;-1.62031
68.84488;-1.62156
68.86986;-1.62156
68.89484;-1.62156
68.91982;-1.62156
68.9448;-1.60687
68.96978;-1.60687
68.99476;-1.60687
69.01974;-1.60687
69.04472;-1.61781
69.0697;-1.61781
69.09468;-1.61781
69.11966;-1.61781
69.14464;-1.62437
69.16962;-1.62437
69.1946;-1.62437
69.21958;-1.62437
69.24456;-1.625
69.26954;-1.625
69.29452;-1.625
69.3195;-1.625
69.34448;-1.60062
69.36946;-1.60062
69.39444;-1.60062
69.41942;-1.60062
69.4444;-1.64094
69.46938;-1.64094
69.49436;-1.64094
69.51934;-1.64094
69.54432;-1.64531
69.5693;-1.64531
69.59428;-1.64531
69.61926;-1.64531
69.64424;-1.63812
69.66922;-1.63812
69.6942;-1.63812
69.71918;-1.63812
69.74416;-1.65625
69.76914;-1.65625
69.79412;-1.65625
69.8191;-1.65625
69.84408;-1.64125
69.86906;-1.64125
69.89404;-1.64125
69.91902;-1.64125
69.944;-1.65
69.96898;-1.65
69.99396;-1.65
70.01894;-1.65
70.04392;-1.67437
70.0689;-1.67437
70.09388;-1.67437
70.11886;-1.67437
70.14384;-1.67125
70.16882;-1.67125
70.1938;-1.67125
70.21878;-1.67125
70.24376;-1.67719
70.26874;-1.67719
70.29372;-1.67719
70.3187;-1.67719
70.34368;-1.66594
70.36866;-1.66594
70.39364;-1.66594
70.41862;-1.66594
70.4436;-1.65812
70.46858;-1.65812
70.49356;-1.65812
70.51854;-1.65812
70.54352;-1.64969
70.5685;-1.64969
70.59348;-1.64969
70.61846;-1.64969
70.64344;-1.645
70.66842;-1.645
70.6934;-1.645
70.71838;-1.645
70.74336;-1.64625
70.76834;-1.64625
70.79332;-1.64625
70.8183;-1.64625
70.84328;-1.64125
70.86826;-1.64125
70.89324;-1.64125
70.91822;-1.64125
70.9432;-1.63781
70.96818;-1.63781
70.99316;-1.63781
71.01814;-1.63781
71.04312;-1.65906
71.0681;-1.65906
71.09308;-1.65906
71.11806;-1.65906
71.14304;-1.64125
71.16802;-1.64125
71.193;-1.64125
71.21798;-1.64125
71.24296;-1.63687
71.26794;-1.63687
71.29292;-1.63687
71.3179;-1.63687
71.34288;-1.63156
71.36786;-1.63156
71.39284;-1.63156
71.41782;-1.63156
71.4428;-1.64531
71.46778;-1.64531
71.49276;-1.64531
71.51774;-1.64531
71.54272;-1.645
71.5677;-1.645
71.59268;-1.645
71.61766;-1.645
71.64264;-1.62625
71.66762;-1.62625
71.6926;-1.62625
71.71758;-1.62625
71.74256;-1.63
71.76754;-1.63
71.79252;-1.63
71.8175;-1.63
71.84248;-1.62031
71.86746;-1.62031
71.89244;-1.62031
71.91742;-1.62031
71.9424;-1.61375
71.96738;-1.61375
71.99236;-1.61375
72.01734;-1.61375
72.04232;-1.62344
72.0673;-1.62344
72.09228;-1.62344
72.11726;-1.62344
72.14224;-1.64063
72.16722;-1.64063
72.1922;-1.64063
72.21718;-1.64063
72.24216;-1.64156
72.26714;-1.64156
72.29212;-1.64156
72.3171;-1.64156
72.34208;-1.60562
72.36706;-1.60562
72.39204;-1.60562
72.41702;-1.60562
72.442;-1.60844
72.46698;-1.60844
72.49196;-1.60844
72.51694;-1.60844
72.54192;-1.60312
72.5669;-1.60312
72.59188;-1.60312
72.61686;-1.60312
72.64184;-1.59844
72.66682;-1.59844
72.6918;-1.59844
72.71678;-1.59844
72.74176;-1.58562
72.76674;-1.58562
72.79172;-1.58562
72.8167;-1.58562
72.84168;-1.57437
72.86666;-1.57437
72.89164;-1.57437
72.91662;-1.57437
72.9416;-1.59
72.96658;-1.59
72.99156;-1.59
73.01654;-1.59
73.04152;-1.58281
73.0665;-1.58281
73.09148;-1.58281
73.11646;-1.58281
73.14144;-1.58312
73.16642;-1.58312
73.1914;-1.58312
73.21638;-1.58312
73.24136;-1.56625
73.26634;-1.56625
73.29132;-1.56625
73.3163;-1.56625
73.34128;-1.56062
73.36626;-1.56062
73.39124;-1.56062
73.41622;-1.56062
73.4412;-1.55281
73.46618;-1.55281
73.49116;-1.55281
73.51614;-1.55281
73.54112;-1.57219
73.5661;-1.57219
73.59108;-1.57219
73.61606;-1.57219
73.64104;-1.56781
73.66602;-1.56781
73.691;-1.56781
73.71598;-1.56781
73.74096;-1.54844
73.76594;-1.54844
73.79092;-1.54844
73.8159;-1.54844
73.84088;-1.53344
73.86586;-1.53344
73.89084;-1.53344
73.91582;-1.53344
73.9408;-1.51406
73.96578;-1.51406
73.99076;-1.51406
74.01574;-1.51406
74.04072;-1.49281
74.0657;-1.49281
74.09068;-1.49281
74.11566;-1.49281
74.14064;-1.48156
74.16562;-1.48156
74.1906;-1.48156
74.21558;-1.48156
74.24056;-1.47125
74.26554;-1.47125
74.29052;-1.47125
74.3155;-1.47125
74.34048;-1.46656
74.36546;-1.46656
74.39044;-1.46656
74.41542;-1.46656
74.4404;-1.44844
74.46538;-1.44844
74.49036;-1.44844
74.51534;-1.44844
74.54032;-1.43187
74.5653;-1.43187
74.59028;-1.43187
74.61526;-1.43187
74.64024;-1.4125
74.66522;-1.4125
74.6902;-1.4125
74.71518;-1.4125
74.74016;-1.40375
74.76514;-1.40375
74.79012;-1.40375
74.8151;-1.40375
74.84008;-1.38594
74.86506;-1.38594
74.89004;-1.38594
74.91502;-1.38594
74.94;-1.38094
74.96498;-1.38094
74.98996;-1.38094
75.01494;-1.38094
75.03992;-1.36844
75.0649;-1.36844
75.08988;-1.36844
75.11486;-1.36844
75.13984;-1.36844
75.16482;-1.36844
75.1898;-1.36844
75.21478;-1.36844
75.23976;-1.35656
75.26474;-1.35656
75.28972;-1.35656
75.3147;-1.35656
75.33968;-1.335
75.36466;-1.335
75.38964;-1.335
75.41462;-1.335
75.4396;-1.33687
75.46458;-1.33687
75.48956;-1.33687
75.51454;-1.33687
75.53952;-1.32781
75.5645;-1.32781
75.58948;-1.32781
75.61446;-1.32781
75.63944;-1.3125
75.66442;-1.3125
75.6894;-1.3125
75.71438;-1.3125
75.73936;-1.30313
75.76434;-1.30313
75.78932;-1.30313
75.8143;-1.30313
75.83928;-1.3075
75.86426;-1.3075
75.88924;-1.3075
75.91422;-1.3075
75.9392;-1.2925
75.96418;-1.2925
75.98916;-1.2925
76.01414;-1.2925
76.03912;-1.30031
76.0641;-1.30031
76.08908;-1.30031
76.11406;-1.30031
76.13904;-1.3025
76.16402;-1.3025
76.189;-1.3025
76.21398;-1.3025
76.23896;-1.29188
76.26394;-1.29188
76.28892;-1.29188
76.3139;-1.29188
76.33888;-1.295
76.36386;-1.295
76.38884;-1.295
76.41382;-1.295
76.4388;-1.2975
76.46378;-1.2975
76.48876;-1.2975
76.51374;-1.2975
76.53872;-1.30156
76.5637;-1.30156
76.58868;-1.30156
76.61366;-1.30156
76.63864;-1.30187
76.66362;-1.30187
76.6886;-1.30187
76.71358;-1.30187
76.73856;-1.29375
76.76354;-1.29375
76.78852;-1.29375
76.8135;-1.29375
76.83848;-1.28062
76.86346;-1.28062
76.88844;-1.28062
76.91342;-1.28062
76.9384;-1.315
76.96338;-1.315
76.98836;-1.315
77.01334;-1.315
77.03832;-1.32062
77.0633;-1.32062
77.08828;-1.32062
77.11326;-1.32062
77.13824;-1.31281
77.16322;-1.31281
77.1882;-1.31281
77.21318;-1.31281
77.23816;-1.3375
77.26314;-1.3375
77.28812;-1.3375
77.3131;-1.3375
77.33808;-1.34469
77.36306;-1.34469
77.38804;-1.34469
77.41302;-1.34469
77.438;-1.32875
77.46298;-1.32875
77.48796;-1.32875
77.51294;-1.32875
77.53792;-1.34938
77.5629;-1.34938
77.58788;-1.34938
77.61286;-1.34938
77.63784;-1.34438
77.66282;-1.34438
77.6878;-1.34438
77.71278;-1.34438
77.73776;-1.335
77.76274;-1.335
77.78772;-1.335
77.8127;-1.335
77.83768;-1.38187
77.86266;-1.38187
77.88764;-1.38187
77.91262;-1.38187
77.9376;-1.38781
77.96258;-1.38781
77.98756;-1.38781
78.01254;-1.38781
78.03752;-1.39406
78.0625;-1.39406
78.08748;-1.39406
78.11246;-1.39406
78.13744;-1.39187
78.16242;-1.39187
78.1874;-1.39187
78.21238;-1.39187
78.23736;-1.39219
78.26234;-1.39219
78.28732;-1.39219
78.3123;-1.39219
78.33728;-1.385
78.36226;-1.385
78.38724;-1.385
78.41222;-1.385
78.4372;-1.40688
78.46218;-1.40688
78.48716;-1.40688
78.51214;-1.40688
78.53712;-1.42562
78.5621;-1.42562
78.58708;-1.42562
78.61206;-1.42562
78.63704;-1.42719
78.66202;-1.42719
78.687;-1.42719
78.71198;-1.42719
78.73696;-1.40937
78.76194;-1.40937
78.78692;-1.40937
78.8119;-1.40937
78.83688;-1.40344
78.86186;-1.40344
78.88684;-1.40344
78.91182;-1.40344
78.9368;-1.3975
78.96178;-1.3975
78.98676;-1.3975
79.01174;-1.3975
79.03672;-1.38875
79.0617;-1.38875
79.08668;-1.38875
79.11166;-1.38875
79.13664;-1.39719
79.16162;-1.39719
79.1866;-1.39719
79.21158;-1.39719
79.23656;-1.38844
79.26154;-1.38844
79.28652;-1.38844
79.3115;-1.38844
79.33648;-1.38781
79.36146;-1.38781
79.38644;-1.38781
79.41142;-1.38781
79.4364;-1.37094
79.46138;-1.37094
79.48636;-1.37094
79.51134;-1.37094
79.53632;-1.38906
79.5613;-1.38906
79.58628;-1.38906
79.61126;-1.38906
79.63624;-1.36937
79.66122;-1.36937
79.6862;-1.36937
79.71118;-1.36937
79.73616;-1.37719
79.76114;-1.37719
79.78612;-1.37719
79.8111;-1.37719
79.83608;-1.36719
79.86106;-1.36719
79.88604;-1.36719
79.91102;-1.36719
79.936;-1.36937
79.96098;-1.36937
79.98596;-1.36937
80.01094;-1.36937
80.03592;-1.37063
80.0609;-1.37063
80.08588;-1.37063
80.11086;-1.37063
80.13584;-1.37531
80.16082;-1.37531
80.1858;-1.37531
80.21078;-1.37531
80.23576;-1.36156
80.26074;-1.36156
80.28572;-1.36156
80.3107;-1.36156
80.33568;-1.36906
80.36066;-1.36906
80.38564;-1.36906
80.41062;-1.36906
80.4356;-1.36937
80.46058;-1.36937
80.48556;-1.36937
80.51054;-1.36937
80.53552;-1.37219
80.5605;-1.37219
80.58548;-1.37219
80.61046;-1.37219
80.63544;-1.37031
80.66042;-1.37031
80.6854;-1.37031
80.71038;-1.37031
80.73536;-1.37125
80.76034;-1.37125
80.78532;-1.37125
80.8103;-1.37125
80.83528;-1.38
80.86026;-1.38
80.88524;-1.38
80.91022;-1.38
80.9352;-1.36906
80.96018;-1.36906
80.98516;-1.36906
81.01014;-1.36906
81.03512;-1.36312
81.0601;-1.36312
81.08508;-1.36312
81.11006;-1.36312
81.13504;-1.38437
81.16002;-1.38437
81.185;-1.38437
81.20998;-1.38437
81.23496;-1.40437
81.25994;-1.40437
81.28492;-1.40437
81.3099;-1.40437
81.33488;-1.39469
81.35986;-1.39469
81.38484;-1.39469
81.40982;-1.39469
81.4348;-1.40969
81.45978;-1.40969
81.48476;-1.40969
81.50974;-1.40969
81.53472;-1.39562
81.5597;-1.39562
81.58468;-1.39562
81.60966;-1.39562
81.63464;-1.39344
81.65962;-1.39344
81.6846;-1.39344
81.70958;-1.39344
81.73456;-1.3875
81.75954;-1.3875
81.78452;-1.3875
81.8095;-1.3875
81.83448;-1.40875
81.85946;-1.40875
81.88444;-1.40875
81.90942;-1.40875
81.9344;-1.39969
81.95938;-1.39969
81.98436;-1.39969
82.00934;-1.39969
82.03432;-1.40469
82.0593;-1.40469
82.08428;-1.40469
82.10926;-1.40469
82.13424;-1.3825
82.15922;-1.3825
82.1842;-1.3825
82.20918;-1.3825
82.23416;-1.39969
82.25914;-1.39969
82.28412;-1.39969
82.3091;-1.39969
82.33408;-1.39219
82.35906;-1.39219
82.38404;-1.39219
82.40902;-1.39219
82.434;-1.38281
82.45898;-1.38281
82.48396;-1.38281
82.50894;-1.38281
82.53392;-1.375
82.5589;-1.375
82.58388;-1.375
82.60886;-1.375
82.63384;-1.37563
82.65882;-1.37563
82.6838;-1.37563
82.70878;-1.37563
82.73376;-1.37156
82.75874;-1.37156
82.78372;-1.37156
82.8087;-1.37156
82.83368;-1.38563
82.85866;-1.38563
82.88364;-1.38563
82.90862;-1.38563
82.9336;-1.3825
82.95858;-1.3825
82.98356;-1.3825
83.00854;-1.3825
83.03352;-1.38219
83.0585;-1.38219
83.08348;-1.38219
83.10846;-1.38219
83.13344;-1.37969
83.15842;-1.37969
83.1834;-1.37969
83.20838;-1.37969
83.23336;-1.37969
83.25834;-1.37969
83.28332;-1.37969
83.3083;-1.37969
83.33328;-1.37594
83.35826;-1.37594
83.38324;-1.37594
83.40822;-1.37594
83.4332;-1.36875
83.45818;-1.36875
83.48316;-1.36875
83.50814;-1.36875
83.53312;-1.36937
83.5581;-1.36937
83.58308;-1.36937
83.60806;-1.36937
83.63304;-1.37469
83.65802;-1.37469
83.683;-1.37469
83.70798;-1.37469
83.73296;-1.37875
83.75794;-1.37875
83.78292;-1.37875
83.8079;-1.37875
83.83288;-1.3725
83.85786;-1.3725
83.88284;-1.3725
83.90782;-1.3725
83.9328;-1.37187
83.95778;-1.37187
83.98276;-1.37187
84.00774;-1.37187
84.03272;-1.35875
84.0577;-1.35875
84.08268;-1.35875
84.10766;-1.35875
84.13264;-1.39906
84.15762;-1.39906
84.1826;-1.39906
84.20758;-1.39906
84.23256;-1.39625
84.25754;-1.39625
84.28252;-1.39625
84.3075;-1.39625
84.33248;-1.40375
84.35746;-1.40375
84.38244;-1.40375
84.40742;-1.40375
84.4324;-1.40719
84.45738;-1.40719
84.48236;-1.40719
84.50734;-1.40719
84.53232;-1.40875
84.5573;-1.40875
84.58228;-1.40875
84.60726;-1.40875
84.63224;-1.39812
84.65722;-1.39812
84.6822;-1.39812
84.70718;-1.39812
84.73216;-1.38812
84.75714;-1.38812
84.78212;-1.38812
84.8071;-1.38812
84.83208;-1.44031
84.85706;-1.44031
84.88204;-1.44031
84.90702;-1.44031
84.932;-1.43094
84.95698;-1.43094
84.98196;-1.43094
85.00694;-1.43094
85.03192;-1.4175
85.0569;-1.4175
85.08188;-1.4175
85.10686;-1.4175
85.13184;-1.4025
85.15682;-1.4025
85.1818;-1.4025
85.20678;-1.4025
85.23176;-1.45125
85.25674;-1.45125
85.28172;-1.45125
85.3067;-1.45125
85.33168;-1.43687
85.35666;-1.43687
85.38164;-1.43687
85.40662;-1.43687
85.4316;-1.44062
85.45658;-1.44062
85.48156;-1.44062
85.50654;-1.44062
85.53152;-1.44719
85.5565;-1.44719
85.58148;-1.44719
85.60646;-1.44719
85.63144;-1.45187
85.65642;-1.45187
85.6814;-1.45187
85.70638;-1.45187
85.73136;-1.42969
85.75634;-1.42969
85.78132;-1.42969
85.8063;-1.42969
85.83128;-1.40437
85.85626;-1.40437
85.88124;-1.40437
85.90622;-1.40437
85.9312;-1.42375
85.95618;-1.42375
85.98116;-1.42375
86.00614;-1.42375
86.03112;-1.44094
86.0561;-1.44094
86.08108;-1.44094
86.10606;-1.44094
86.13104;-1.43844
86.15602;-1.43844
86.181;-1.43844
86.20598;-1.43844
86.23096;-1.43719
86.25594;-1.43719
86.28092;-1.43719
86.3059;-1.43719
86.33088;-1.4475
86.35586;-1.4475
86.38084;-1.4475
86.40582;-1.4475
86.4308;-1.43094
86.45578;-1.43094
86.48076;-1.43094
86.50574;-1.43094
86.53072;-1.4275
86.5557;-1.4275
86.58068;-1.4275
86.60566;-1.4275
86.63064;-1.42156
86.65562;-1.42156
86.6806;-1.42156
86.70558;-1.42156
86.73056;-1.40188
86.75554;-1.40188
86.78052;-1.40188
86.8055;-1.40188
86.83048;-1.39719
86.85546;-1.39719
86.88044;-1.39719
86.90542;-1.39719
86.9304;-1.40406
86.95538;-1.40406
86.98036;-1.40406
87.00534;-1.40406
87.03032;-1.42375
87.0553;-1.42375
87.08028;-1.42375
87.10526;-1.42375
87.13024;-1.41781
87.15522;-1.41781
87.1802;-1.41781
87.20518;-1.41781
87.23016;-1.42937
87.25514;-1.42937
87.28012;-1.42937
87.3051;-1.42937
87.33008;-1.42
87.35506;-1.42
87.38004;-1.42
87.40502;-1.42
87.43;-1.42875
87.45498;-1.42875
87.47996;-1.42875
87.50494;-1.42875
87.52992;-1.43781
87.5549;-1.43781
87.57988;-1.43781
87.60486;-1.43781
87.62984;-1.43531
87.65482;-1.43531
87.6798;-1.43531
87.70478;-1.43531
87.72976;-1.42406
87.75474;-1.42406
87.77972;-1.42406
87.8047;-1.42406
87.82968;-1.41875
87.85466;-1.41875
87.87964;-1.41875
87.90462;-1.41875
87.9296;-1.43187
87.95458;-1.43187
87.97956;-1.43187
88.00454;-1.43187
88.02952;-1.43
88.0545;-1.43
88.07948;-1.43
88.10446;-1.43
88.12944;-1.455
88.15442;-1.455
88.1794;-1.455
88.20438;-1.455
88.22936;-1.45594
88.25434;-1.45594
88.27932;-1.45594
88.3043;-1.45594
88.32928;-1.44062
88.35426;-1.44062
88.37924;-1.44062
88.40422;-1.44062
88.4292;-1.43281
88.45418;-1.43281
88.47916;-1.43281
88.50414;-1.43281
88.52912;-1.42437
88.5541;-1.42437
88.57908;-1.42437
88.60406;-1.42437
88.62904;-1.42406
88.65402;-1.42406
88.679;-1.42406
88.70398;-1.42406
88.72896;-1.42656
88.75394;-1.42656
88.77892;-1.42656
88.8039;-1.42656
88.82888;-1.41375
88.85386;-1.41375
88.87884;-1.41375
88.90382;-1.41375
88.9288;-1.43031
88.95378;-1.43031
88.97876;-1.43031
89.00374;-1.43031
89.02872;-1.42781
89.0537;-1.42781
89.07868;-1.42781
89.10366;-1.42781
89.12864;-1.42875
89.15362;-1.42875
89.1786;-1.42875
89.20358;-1.42875
89.22856;-1.43156
89.25354;-1.43156
89.27852;-1.43156
89.3035;-1.43156
89.32848;-1.42
89.35346;-1.42
89.37844;-1.42
89.40342;-1.42
89.4284;-1.40781
89.45338;-1.40781
89.47836;-1.40781
89.50334;-1.40781
89.52832;-1.40969
89.5533;-1.40969
89.57828;-1.40969
89.60326;-1.40969
89.62824;-1.44625
89.65322;-1.44625
89.6782;-1.44625
89.70318;-1.44625
89.72816;-1.41844
89.75314;-1.41844
89.77812;-1.41844
89.8031;-1.41844
89.82808;-1.39219
89.85306;-1.39219
89.87804;-1.39219
89.90302;-1.39219
89.928;-1.405
89.95298;-1.405
89.97796;-1.405
90.00294;-1.405
90.02792;-1.4
90.0529;-1.4
90.07788;-1.4
90.10286;-1.4
90.12784;-1.40094
90.15282;-1.40094
90.1778;-1.40094
90.20278;-1.40094
90.22776;-1.40906
90.25274;-1.40906
90.27772;-1.40906
90.3027;-1.40906
90.32768;-1.39875
90.35266;-1.39875
90.37764;-1.39875
90.40262;-1.39875
90.4276;-1.40281
90.45258;-1.40281
90.47756;-1.40281
90.50254;-1.40281
90.52752;-1.42437
90.5525;-1.42437
90.57748;-1.42437
90.60246;-1.42437
90.62744;-1.44031
90.65242;-1.44031
90.6774;-1.44031
90.70238;-1.44031
90.72736;-1.43719
90.75234;-1.43719
90.77732;-1.43719
90.8023;-1.43719
90.82728;-1.43625
90.85226;-1.43625
90.87724;-1.43625
90.90222;-1.43625
90.9272;-1.41219
90.95218;-1.41219
90.97716;-1.41219
91.00214;-1.41219
91.02712;-1.42656
91.0521;-1.42656
91.07708;-1.42656
91.10206;-1.42656
91.12704;-1.43375
91.15202;-1.43375
91.177;-1.43375
91.20198;-1.43375
91.22696;-1.42625
91.25194;-1.42625
91.27692;-1.42625
91.3019;-1.42625
91.32688;-1.43031
91.35186;-1.43031
91.37684;-1.43031
91.40182;-1.43031
91.4268;-1.42813
91.45178;-1.42813
91.47676;-1.42813
91.50174;-1.42813
91.52672;-1.4425
91.5517;-1.4425
91.57668;-1.4425
91.60166;-1.4425
91.62664;-1.45031
91.65162;-1.45031
91.6766;-1.45031
91.70158;-1.45031
91.72656;-1.45375
91.75154;-1.45375
91.77652;-1.45375
91.8015;-1.45375
91.82648;-1.45906
91.85146;-1.45906
91.87644;-1.45906
91.90142;-1.45906
91.9264;-1.45187
91.95138;-1.45187
91.97636;-1.45187
92.00134;-1.45187
92.02632;-1.46
92.0513;-1.46
92.07628;-1.46
92.10126;-1.46
92.12624;-1.44937
92.15122;-1.44937
92.1762;-1.44937
92.20118;-1.44937
92.22616;-1.45
92.25114;-1.45
92.27612;-1.45
92.3011;-1.45
92.32608;-1.4425
92.35106;-1.4425
92.37604;-1.4425
92.40102;-1.4425
92.426;-1.43406
92.45098;-1.43406
92.47596;-1.43406
92.50094;-1.43406
92.52592;-1.45656
92.5509;-1.45656
92.57588;-1.45656
92.60086;-1.45656
92.62584;-1.45875
92.65082;-1.45875
92.6758;-1.45875
92.70078;-1.45875
92.72576;-1.44906
92.75074;-1.44906
92.77572;-1.44906
92.8007;-1.44906
92.82568;-1.44
92.85066;-1.44
92.87564;-1.44
92.90062;-1.44
92.9256;-1.44219
92.95058;-1.44219
92.97556;-1.44219
93.00054;-1.44219
93.02552;-1.44906
93.0505;-1.44906
93.07548;-1.44906
93.10046;-1.44906
93.12544;-1.44219
93.15042;-1.44219
93.1754;-1.44219
93.20038;-1.44219
93.22536;-1.44344
93.25034;-1.44344
93.27532;-1.44344
93.3003;-1.44344
93.32528;-1.44062
93.35026;-1.44062
93.37524;-1.44062
93.40022;-1.44062
93.4252;-1.44094
93.45018;-1.44094
93.47516;-1.44094
93.50014;-1.44094
93.52512;-1.42062
93.5501;-1.42062
93.57508;-1.42062
93.60006;-1.42062
93.62504;-1.42469
93.65002;-1.42469
93.675;-1.42469
93.69998;-1.42469
93.72496;-1.45437
93.74994;-1.45437
93.77492;-1.45437
93.7999;-1.45437
93.82488;-1.47125
93.84986;-1.47125
93.87484;-1.47125
93.89982;-1.47125
93.9248;-1.46625
93.94978;-1.46625
93.97476;-1.46625
93.99974;-1.46625
94.02472;-1.4575
94.0497;-1.4575
94.07468;-1.4575
94.09966;-1.4575
94.12464;-1.45562
94.14962;-1.45562
94.1746;-1.45562
94.19958;-1.45562
94.22456;-1.44813
94.24954;-1.44813
94.27452;-1.44813
94.2995;-1.44813
94.32448;-1.45656
94.34946;-1.45656
94.37444;-1.45656
94.39942;-1.45656
94.4244;-1.455
94.44938;-1.455
94.47436;-1.455
94.49934;-1.455
94.52432;-1.44469
94.5493;-1.44469
94.57428;-1.44469
94.59926;-1.44469
94.62424;-1.42844
94.64922;-1.42844
94.6742;-1.42844
94.69918;-1.42844
94.72416;-1.41812
94.74914;-1.41812
94.77412;-1.41812
94.7991;-1.41812
94.82408;-1.42813
94.84906;-1.42813
94.87404;-1.42813
94.89902;-1.42813
94.924;-1.42281
94.94898;-1.42281
94.97396;-1.42281
94.99894;-1.42281
95.02392;-1.41625
95.0489;-1.41625
95.07388;-1.41625
95.09886;-1.41625
95.12384;-1.42156
95.14882;-1.42156
95.1738;-1.42156
95.19878;-1.42156
95.22376;-1.4125
95.24874;-1.4125
95.27372;-1.4125
95.2987;-1.4125
95.32368;-1.40906
95.34866;-1.40906
95.37364;-1.40906
95.39862;-1.40906
95.4236;-1.41906
95.44858;-1.41906
95.47356;-1.41906
95.49854;-1.41906
95.52352;-1.41688
95.5485;-1.41688
95.57348;-1.41688
95.59846;-1.41688
95.62344;-1.4075
95.64842;-1.4075
95.6734;-1.4075
95.69838;-1.4075
95.72336;-1.40875
95.74834;-1.40875
95.77332;-1.40875
95.7983;-1.40875
95.82328;-1.40469
95.84826;-1.40469
95.87324;-1.40469
95.89822;-1.40469
95.9232;-1.41219
95.94818;-1.41219
95.97316;-1.41219
95.99814;-1.41219
96.02312;-1.41125
96.0481;-1.41125
96.07308;-1.41125
96.09806;-1.41125
96.12304;-1.4275
96.14802;-1.4275
96.173;-1.4275
96.19798;-1.4275
96.22296;-1.4175
96.24794;-1.4175
96.27292;-1.4175
96.2979;-1.4175
96.32288;-1.4125
96.34786;-1.4125
96.37284;-1.4125
96.39782;-1.4125
96.4228;-1.42375
96.44778;-1.42375
96.47276;-1.42375
96.49774;-1.42375
96.52272;-1.41406
96.5477;-1.41406
96.57268;-1.41406
96.59766;-1.41406
96.62264;-1.41562
96.64762;-1.41562
96.6726;-1.41562
96.69758;-1.41562
96.72256;-1.42031
96.74754;-1.42031
96.77252;-1.42031
96.7975;-1.42031
96.82248;-1.44375
96.84746;-1.44375
96.87244;-1.44375
96.89742;-1.44375
96.9224;-1.42219
96.94738;-1.42219
96.97236;-1.42219
96.99734;-1.42219
97.02232;-1.41312
97.0473;-1.41312
97.07228;-1.41312
97.09726;-1.41312
97.12224;-1.40937
97.14722;-1.40937
97.1722;-1.40937
97.19718;-1.40937
97.22216;-1.41312
97.24714;-1.41312
97.27212;-1.41312
97.2971;-1.41312
97.32208;-1.41969
97.34706;-1.41969
97.37204;-1.41969
97.39702;-1.41969
97.422;-1.415
97.44698;-1.415
97.47196;-1.415
97.49694;-1.415
97.52192;-1.41281
97.5469;-1.41281
97.57188;-1.41281
97.59686;-1.41281
97.62184;-1.43281
97.64682;-1.43281
97.6718;-1.43281
97.69678;-1.43281
97.72176;-1.425
97.74674;-1.425
97.77172;-1.425
97.7967;-1.425
97.82168;-1.42719
97.84666;-1.42719
97.87164;-1.42719
97.89662;-1.42719
97.9216;-1.4325
97.94658;-1.4325
97.97156;-1.4325
97.99654;-1.4325
98.02152;-1.4325
98.0465;-1.4325
98.07148;-1.4325
98.09646;-1.4325
98.12144;-1.425
98.14642;-1.425
98.1714;-1.425
98.19638;-1.425
98.22136;-1.41656
98.24634;-1.41656
98.27132;-1.41656
98.2963;-1.41656
98.32128;-1.42312
98.34626;-1.42312
98.37124;-1.42312
98.39622;-1.42312
98.4212;-1.42687
98.44618;-1.42687
98.47116;-1.42687
98.49614;-1.42687
98.52112;-1.4275
98.5461;-1.4275
98.57108;-1.4275
98.59606;-1.4275
98.62104;-1.455
98.64602;-1.455
98.671;-1.455
98.69598;-1.455
98.72096;-1.44906
98.74594;-1.44906
98.77092;-1.44906
98.7959;-1.44906
98.82088;-1.44219
98.84586;-1.44219
98.87084;-1.44219
98.89582;-1.44219
98.9208;-1.44031
98.94578;-1.44031
98.97076;-1.44031
98.99574;-1.44031
99.02072;-1.45313
99.0457;-1.45313
99.07068;-1.45313
99.09566;-1.45313
99.12064;-1.46125
99.14562;-1.46125
99.1706;-1.46125
99.19558;-1.46125
99.22056;-1.45062
99.24554;-1.45062
99.27052;-1.45062
99.2955;-1.45062
99.32048;-1.43219
99.34546;-1.43219
99.37044;-1.43219
99.39542;-1.43219
99.4204;-1.42781
99.44538;-1.42781
99.47036;-1.42781
99.49534;-1.42781
99.52032;-1.44344
99.5453;-1.44344
99.57028;-1.44344
99.59526;-1.44344
99.62024;-1.4425
99.64522;-1.4425
99.6702;-1.4425
99.69518;-1.4425
99.72016;-1.435
99.74514;-1.435
99.77012;-1.435
99.7951;-1.435
99.82008;-1.42781
99.84506;-1.42781
99.87004;-1.42781
99.89502;-1.42781
99.92;-1.41281
99.94498;-1.41281
99.96996;-1.41281
99.99494;-1.41281
100.01992;-1.405
100.0449;-1.405
100.06988;-1.405
100.09486;-1.405
100.11984;-1.41094
100.14482;-1.41094
100.1698;-1.41094
100.19478;-1.41094
100.21976;-1.41031
100.24474;-1.41031
100.26972;-1.41031
100.2947;-1.41031
100.31968;-1.41281
100.34466;-1.41281
100.36964;-1.41281
100.39462;-1.41281
100.4196;-1.39812
100.44458;-1.39812
100.46956;-1.39812
100.49454;-1.39812
100.51952;-1.3925
100.5445;-1.3925
100.56948;-1.3925
100.59446;-1.3925
100.61944;-1.40094
100.64442;-1.40094
100.6694;-1.40094
100.69438;-1.40094
100.71936;-1.39625
100.74434;-1.39625
100.76932;-1.39625
100.7943;-1.39625
100.81928;-1.38219
100.84426;-1.38219
100.86924;-1.38219
100.89422;-1.38219
100.9192;-1.39219
100.94418;-1.39219
100.96916;-1.39219
100.99414;-1.39219
101.01912;-1.39312
101.0441;-1.39312
101.06908;-1.39312
101.09406;-1.39312
101.11904;-1.37219
101.14402;-1.37219
101.169;-1.37219
101.19398;-1.37219
101.21896;-1.37625
101.24394;-1.37625
101.26892;-1.37625
101.2939;-1.37625
101.31888;-1.3775
101.34386;-1.3775
101.36884;-1.3775
101.39382;-1.3775
101.4188;-1.40188
101.44378;-1.40188
101.46876;-1.40188
101.49374;-1.40188
101.51872;-1.38625
101.5437;-1.38625
101.56868;-1.38625
101.59366;-1.38625
101.61864;-1.37312
101.64362;-1.37312
101.6686;-1.37312
101.69358;-1.37312
101.71856;-1.37812
101.74354;-1.37812
101.76852;-1.37812
101.7935;-1.37812
101.81848;-1.40094
101.84346;-1.40094
101.86844;-1.40094
101.89342;-1.40094
101.9184;-1.39781
101.94338;-1.39781
101.96836;-1.39781
101.99334;-1.39781
102.01832;-1.41719
102.0433;-1.41719
102.06828;-1.41719
102.09326;-1.41719
102.11824;-1.42125
102.14322;-1.42125
102.1682;-1.42125
102.19318;-1.42125
102.21816;-1.41844
102.24314;-1.41844
102.26812;-1.41844
102.2931;-1.41844
102.31808;-1.42094
102.34306;-1.42094
102.36804;-1.42094
102.39302;-1.42094
102.418;-1.41437
102.44298;-1.41437
102.46796;-1.41437
102.49294;-1.41437
102.51792;-1.40281
102.5429;-1.40281
102.56788;-1.40281
102.59286;-1.40281
102.61784;-1.40437
102.64282;-1.40437
102.6678;-1.40437
102.69278;-1.40437
102.71776;-1.39844
102.74274;-1.39844
102.76772;-1.39844
102.7927;-1.39844
102.81768;-1.38875
102.84266;-1.38875
102.86764;-1.38875
102.89262;-1.38875
102.9176;-1.38031
102.94258;-1.38031
102.96756;-1.38031
102.99254;-1.38031
103.01752;-1.40625
103.0425;-1.40625
103.06748;-1.40625
103.09246;-1.40625
103.11744;-1.41781
103.14242;-1.41781
103.1674;-1.41781
103.19238;-1.41781
103.21736;-1.40312
103.24234;-1.40312
103.26732;-1.40312
103.2923;-1.40312
103.31728;-1.38625
103.34226;-1.38625
103.36724;-1.38625
103.39222;-1.38625
103.4172;-1.4
103.44218;-1.4
103.46716;-1.4
103.49214;-1.4
103.51712;-1.36969
103.5421;-1.36969
103.56708;-1.36969
103.59206;-1.36969
103.61704;-1.37969
103.64202;-1.37969
103.667;-1.37969
103.69198;-1.37969
103.71696;-1.37344
103.74194;-1.37344
103.76692;-1.37344
103.7919;-1.37344
103.81688;-1.36312
103.84186;-1.36312
103.86684;-1.36312
103.89182;-1.36312
103.9168;-1.36781
103.94178;-1.36781
103.96676;-1.36781
103.99174;-1.36781
104.01672;-1.36531
104.0417;-1.36531
104.06668;-1.36531
104.09166;-1.36531
104.11664;-1.37594
104.14162;-1.37594
104.1666;-1.37594
104.19158;-1.37594
104.21656;-1.37375
104.24154;-1.37375
104.26652;-1.37375
104.2915;-1.37375
104.31648;-1.36125
104.34146;-1.36125
104.36644;-1.36125
104.39142;-1.36125
104.4164;-1.35906
104.44138;-1.35906
104.46636;-1.35906
104.49134;-1.35906
104.51632;-1.3575
104.5413;-1.3575
104.56628;-1.3575
104.59126;-1.3575
104.61624;-1.37094
104.64122;-1.37094
104.6662;-1.37094
104.69118;-1.37094
104.71616;-1.36844
104.74114;-1.36844
104.76612;-1.36844
104.7911;-1.36844
104.81608;-1.36156
104.84106;-1.36156
104.86604;-1.36156
104.89102;-1.36156
104.916;-1.38094
104.94098;-1.38094
104.96596;-1.38094
104.99094;-1.38094
105.01592;-1.36625
105.0409;-1.36625
105.06588;-1.36625
105.09086;-1.36625
105.11584;-1.37312
105.14082;-1.37312
105.1658;-1.37312
105.19078;-1.37312
105.21576;-1.36781
105.24074;-1.36781
105.26572;-1.36781
105.2907;-1.36781
105.31568;-1.38781
105.34066;-1.38781
105.36564;-1.38781
105.39062;-1.38781
105.4156;-1.39625
105.44058;-1.39625
105.46556;-1.39625
105.49054;-1.39625
105.51552;-1.38406
105.5405;-1.38406
105.56548;-1.38406
105.59046;-1.38406
105.61544;-1.38
105.64042;-1.38
105.6654;-1.38
105.69038;-1.38
105.71536;-1.37281
105.74034;-1.37281
105.76532;-1.37281
105.7903;-1.37281
105.81528;-1.365
105.84026;-1.365
105.86524;-1.365
105.89022;-1.365
105.9152;-1.36531
105.94018;-1.36531
105.96516;-1.36531
105.99014;-1.36531
106.01512;-1.35812
106.0401;-1.35812
106.06508;-1.35812
106.09006;-1.35812
106.11504;-1.36219
106.14002;-1.36219
106.165;-1.36219
106.18998;-1.36219
106.21496;-1.37969
106.23994;-1.37969
106.26492;-1.37969
106.2899;-1.37969
106.31488;-1.39437
106.33986;-1.39437
106.36484;-1.39437
106.38982;-1.39437
106.4148;-1.37563
106.43978;-1.37563
106.46476;-1.37563
106.48974;-1.37563
106.51472;-1.37937
106.5397;-1.37937
106.56468;-1.37937
106.58966;-1.37937
106.61464;-1.36625
106.63962;-1.36625
106.6646;-1.36625
106.68958;-1.36625
106.71456;-1.35844
106.73954;-1.35844
106.76452;-1.35844
106.7895;-1.35844
106.81448;-1.35562
106.83946;-1.35562
106.86444;-1.35562
106.88942;-1.35562
106.9144;-1.35156
106.93938;-1.35156
106.96436;-1.35156
106.98934;-1.35156
107.01432;-1.33844
107.0393;-1.33844
107.06428;-1.33844
107.08926;-1.33844
107.11424;-1.34969
107.13922;-1.34969
107.1642;-1.34969
107.18918;-1.34969
107.21416;-1.32875
107.23914;-1.32875
107.26412;-1.32875
107.2891;-1.32875
107.31408;-1.35906
107.33906;-1.35906
107.36404;-1.35906
107.38902;-1.35906
107.414;-1.38187
107.43898;-1.38187
107.46396;-1.38187
107.48894;-1.38187
107.51392;-1.3775
107.5389;-1.3775
107.56388;-1.3775
107.58886;-1.3775
107.61384;-1.36906
107.63882;-1.36906
107.6638;-1.36906
107.68878;-1.36906
107.71376;-1.40844
107.73874;-1.40844
107.76372;-1.40844
107.7887;-1.40844
107.81368;-1.38656
107.83866;-1.38656
107.86364;-1.38656
107.88862;-1.38656
107.9136;-1.3925
107.93858;-1.3925
107.96356;-1.3925
107.98854;-1.3925
108.01352;-1.40281
108.0385;-1.40281
108.06348;-1.40281
108.08846;-1.40281
108.11344;-1.37563
108.13842;-1.37563
108.1634;-1.37563
108.18838;-1.37563
108.21336;-1.3675
108.23834;-1.3675
108.26332;-1.3675
108.2883;-1.3675
108.31328;-1.37719
108.33826;-1.37719
108.36324;-1.37719
108.38822;-1.37719
108.4132;-1.37156
108.43818;-1.37156
108.46316;-1.37156
108.48814;-1.37156
108.51312;-1.4025
108.5381;-1.4025
108.56308;-1.4025
108.58806;-1.4025
108.61304;-1.41094
108.63802;-1.41094
108.663;-1.41094
108.68798;-1.41094
108.71296;-1.41875
108.73794;-1.41875
108.76292;-1.41875
108.7879;-1.41875
108.81288;-1.4
108.83786;-1.4
108.86284;-1.4
108.88782;-1.4
108.9128;-1.39437
108.93778;-1.39437
108.96276;-1.39437
108.98774;-1.39437
109.01272;-1.39219
109.0377;-1.39219
109.06268;-1.39219
109.08766;-1.39219
109.11264;-1.38031
109.13762;-1.38031
109.1626;-1.38031
109.18758;-1.38031
109.21256;-1.36844
109.23754;-1.36844
109.26252;-1.36844
109.2875;-1.36844
109.31248;-1.36281
109.33746;-1.36281
109.36244;-1.36281
109.38742;-1.36281
109.4124;-1.385
109.43738;-1.385
109.46236;-1.385
109.48734;-1.385
109.51232;-1.36563
109.5373;-1.36563
109.56228;-1.36563
109.58726;-1.36563
109.61224;-1.375
109.63722;-1.375
109.6622;-1.375
109.68718;-1.375
109.71216;-1.38437
109.73714;-1.38437
109.76212;-1.38437
109.7871;-1.38437
109.81208;-1.36437
109.83706;-1.36437
109.86204;-1.36437
109.88702;-1.36437
109.912;-1.37594
109.93698;-1.37594
109.96196;-1.37594
109.98694;-1.37594
110.01192;-1.37719
110.0369;-1.37719
110.06188;-1.37719
110.08686;-1.37719
110.11184;-1.35625
110.13682;-1.35625
110.1618;-1.35625
110.18678;-1.35625
110.21176;-1.38312
110.23674;-1.38312
110.26172;-1.38312
110.2867;-1.38312
110.31168;-1.39156
110.33666;-1.39156
110.36164;-1.39156
110.38662;-1.39156
110.4116;-1.37156
110.43658;-1.37156
110.46156;-1.37156
110.48654;-1.37156
110.51152;-1.38312
110.5365;-1.38312
110.56148;-1.38312
110.58646;-1.38312
110.61144;-1.37781
110.63642;-1.37781
110.6614;-1.37781
110.68638;-1.37781
110.71136;-1.38031
110.73634;-1.38031
110.76132;-1.38031
110.7863;-1.38031
110.81128;-1.36687
110.83626;-1.36687
110.86124;-1.36687
110.88622;-1.36687
110.9112;-1.35969
110.93618;-1.35969
110.96116;-1.35969
110.98614;-1.35969
111.01112;-1.35406
111.0361;-1.35406
111.06108;-1.35406
111.08606;-1.35406
111.11104;-1.35812
111.13602;-1.35812
111.161;-1.35812
111.18598;-1.35812
111.21096;-1.35562
111.23594;-1.35562
111.26092;-1.35562
111.2859;-1.35562
111.31088;-1.3775
111.33586;-1.3775
111.36084;-1.3775
111.38582;-1.3775
111.4108;-1.36031
111.43578;-1.36031
111.46076;-1.36031
111.48574;-1.36031
111.51072;-1.36281
111.5357;-1.36281
111.56068;-1.36281
111.58566;-1.36281
111.61064;-1.35531
111.63562;-1.35531
111.6606;-1.35531
111.68558;-1.35531
111.71056;-1.35344
111.73554;-1.35344
111.76052;-1.35344
111.7855;-1.35344
111.81048;-1.355
111.83546;-1.355
111.86044;-1.355
111.88542;-1.355
111.9104;-1.3425
111.93538;-1.3425
111.96036;-1.3425
111.98534;-1.3425
112.01032;-1.33562
112.0353;-1.33562
112.06028;-1.33562
112.08526;-1.33562
112.11024;-1.34062
112.13522;-1.34062
112.1602;-1.34062
112.18518;-1.34062
112.21016;-1.32844
112.23514;-1.32844
112.26012;-1.32844
112.2851;-1.32844
112.31008;-1.32469
112.33506;-1.32469
112.36004;-1.32469
112.38502;-1.32469
112.41;-1.33906
112.43498;-1.33906
112.45996;-1.33906
112.48494;-1.33906
112.50992;-1.35187
112.5349;-1.35187
112.55988;-1.35187
112.58486;-1.35187
112.60984;-1.33344
112.63482;-1.33344
112.6598;-1.33344
112.68478;-1.33344
112.70976;-1.3175
112.73474;-1.3175
112.75972;-1.3175
112.7847;-1.3175
112.80968;-1.34406
112.83466;-1.34406
112.85964;-1.34406
112.88462;-1.34406
112.9096;-1.32562
112.93458;-1.32562
112.95956;-1.32562
112.98454;-1.32562
113.00952;-1.345
113.0345;-1.345
113.05948;-1.345
113.08446;-1.345
113.10944;-1.3175
113.13442;-1.3175
113.1594;-1.3175
113.18438;-1.3175
113.20936;-1.31281
113.23434;-1.31281
113.25932;-1.31281
113.2843;-1.31281
113.30928;-1.33031
113.33426;-1.33031
113.35924;-1.33031
113.38422;-1.33031
113.4092;-1.3325
113.43418;-1.3325
113.45916;-1.3325
113.48414;-1.3325
113.50912;-1.33469
113.5341;-1.33469
113.55908;-1.33469
113.58406;-1.33469
113.60904;-1.33344
113.63402;-1.33344
113.659;-1.33344
113.68398;-1.33344
113.70896;-1.34844
113.73394;-1.34844
113.75892;-1.34844
113.7839;-1.34844
113.80888;-1.32687
113.83386;-1.32687
113.85884;-1.32687
113.88382;-1.32687
113.9088;-1.35938
113.93378;-1.35938
113.95876;-1.35938
113.98374;-1.35938
114.00872;-1.35625
114.0337;-1.35625
114.05868;-1.35625
114.08366;-1.35625
114.10864;-1.37063
114.13362;-1.37063
114.1586;-1.37063
114.18358;-1.37063
114.20856;-1.37156
114.23354;-1.37156
114.25852;-1.37156
114.2835;-1.37156
114.30848;-1.35844
114.33346;-1.35844
114.35844;-1.35844
114.38342;-1.35844
114.4084;-1.3625
114.43338;-1.3625
114.45836;-1.3625
114.48334;-1.3625
114.50832;-1.38625
114.5333;-1.38625
114.55828;-1.38625
114.58326;-1.38625
114.60824;-1.3625
114.63322;-1.3625
114.6582;-1.3625
114.68318;-1.3625
114.70816;-1.35625
114.73314;-1.35625
114.75812;-1.35625
114.7831;-1.35625
114.80808;-1.35875
114.83306;-1.35875
114.85804;-1.35875
114.88302;-1.35875
114.908;-1.38063
114.93298;-1.38063
114.95796;-1.38063
114.98294;-1.38063
115.00792;-1.38594
115.0329;-1.38594
115.05788;-1.38594
115.08286;-1.38594
115.10784;-1.385
115.13282;-1.385
115.1578;-1.385
115.18278;-1.385
115.20776;-1.38063
115.23274;-1.38063
115.25772;-1.38063
115.2827;-1.38063
115.30768;-1.37719
115.33266;-1.37719
115.35764;-1.37719
115.38262;-1.37719
115.4076;-1.37687
115.43258;-1.37687
115.45756;-1.37687
115.48254;-1.37687
115.50752;-1.37656
115.5325;-1.37656
115.55748;-1.37656
115.58246;-1.37656
115.60744;-1.37156
115.63242;-1.37156
115.6574;-1.37156
115.68238;-1.37156
115.70736;-1.36906
115.73234;-1.36906
115.75732;-1.36906
115.7823;-1.36906
115.80728;-1.36094
115.83226;-1.36094
115.85724;-1.36094
115.88222;-1.36094
115.9072;-1.34781
115.93218;-1.34781
115.95716;-1.34781
115.98214;-1.34781
116.00712;-1.34906
116.0321;-1.34906
116.05708;-1.34906
116.08206;-1.34906
116.10704;-1.3625
116.13202;-1.3625
116.157;-1.3625
116.18198;-1.3625
116.20696;-1.36625
116.23194;-1.36625
116.25692;-1.36625
116.2819;-1.36625
116.30688;-1.36187
116.33186;-1.36187
116.35684;-1.36187
116.38182;-1.36187
116.4068;-1.34594
116.43178;-1.34594
116.45676;-1.34594
116.48174;-1.34594
116.50672;-1.35125
116.5317;-1.35125
116.55668;-1.35125
116.58166;-1.35125
116.60664;-1.34969
116.63162;-1.34969
116.6566;-1.34969
116.68158;-1.34969
116.70656;-1.34187
116.73154;-1.34187
116.75652;-1.34187
116.7815;-1.34187
116.80648;-1.33312
116.83146;-1.33312
116.85644;-1.33312
116.88142;-1.33312
116.9064;-1.32406
116.93138;-1.32406
116.95636;-1.32406
116.98134;-1.32406
117.00632;-1.30781
117.0313;-1.30781
117.05628;-1.30781
117.08126;-1.30781
117.10624;-1.31656
117.13122;-1.31656
117.1562;-1.31656
117.18118;-1.31656
117.20616;-1.32313
117.23114;-1.32313
117.25612;-1.32313
117.2811;-1.32313
117.30608;-1.3175
117.33106;-1.3175
117.35604;-1.3175
117.38102;-1.3175
117.406;-1.32406
117.43098;-1.32406
117.45596;-1.32406
117.48094;-1.32406
117.50592;-1.31344
117.5309;-1.31344
117.55588;-1.31344
117.58086;-1.31344
117.60584;-1.31406
117.63082;-1.31406
117.6558;-1.31406
117.68078;-1.31406
117.70576;-1.30469
117.73074;-1.30469
117.75572;-1.30469
117.7807;-1.30469
117.80568;-1.2875
117.83066;-1.2875
117.85564;-1.2875
117.88062;-1.2875
117.9056;-1.29844
117.93058;-1.29844
117.95556;-1.29844
117.98054;-1.29844
118.00552;-1.29813
118.0305;-1.29813
118.05548;-1.29813
118.08046;-1.29813
118.10544;-1.28906
118.13042;-1.28906
118.1554;-1.28906
118.18038;-1.28906
118.20536;-1.29594
118.23034;-1.29594
118.25532;-1.29594
118.2803;-1.29594
118.30528;-1.28844
118.33026;-1.28844
118.35524;-1.28844
118.38022;-1.28844
118.4052;-1.28281
118.43018;-1.28281
118.45516;-1.28281
118.48014;-1.28281
118.50512;-1.29469
118.5301;-1.29469
118.55508;-1.29469
118.58006;-1.29469
118.60504;-1.28656
118.63002;-1.28656
118.655;-1.28656
118.67998;-1.28656
118.70496;-1.28937
118.72994;-1.28937
118.75492;-1.28937
118.7799;-1.28937
118.80488;-1.28875
118.82986;-1.28875
118.85484;-1.28875
118.87982;-1.28875
118.9048;-1.26031
118.92978;-1.26031
118.95476;-1.26031
118.97974;-1.26031
119.00472;-1.29813
119.0297;-1.29813
119.05468;-1.29813
119.07966;-1.29813
119.10464;-1.29125
119.12962;-1.29125
119.1546;-1.29125
119.17958;-1.29125
119.20456;-1.29937
119.22954;-1.29937
119.25452;-1.29937
119.2795;-1.29937
119.30448;-1.30187
119.32946;-1.30187
119.35444;-1.30187
119.37942;-1.30187
119.4044;-1.30781
119.42938;-1.30781
119.45436;-1.30781
119.47934;-1.30781
119.50432;-1.30781
119.5293;-1.30781
119.55428;-1.30781
119.57926;-1.30781
119.60424;-1.31406
119.62922;-1.31406
119.6542;-1.31406
119.67918;-1.31406
119.70416;-1.31875
119.72914;-1.31875
119.75412;-1.31875
119.7791;-1.31875
119.80408;-1.31469
119.82906;-1.31469
119.85404;-1.31469
119.87902;-1.31469
119.904;-1.30906
119.92898;-1.30906
119.95396;-1.30906
119.97894;-1.30906
120.00392;-1.3125
120.0289;-1.3125
120.05388;-1.3125
120.07886;-1.3125
120.10384;-1.29062
120.12882;-1.29062
120.1538;-1.29062
120.17878;-1.29062
120.20376;-1.28688
120.22874;-1.28688
120.25372;-1.28688
120.2787;-1.28688
120.30368;-1.31844
120.32866;-1.31844
120.35364;-1.31844
120.37862;-1.31844
120.4036;-1.31844
120.42858;-1.31844
120.45356;-1.31844
120.47854;-1.31844
120.50352;-1.30875
120.5285;-1.30875
120.55348;-1.30875
120.57846;-1.30875
120.60344;-1.30719
120.62842;-1.30719
120.6534;-1.30719
120.67838;-1.30719
120.70336;-1.33281
120.72834;-1.33281
120.75332;-1.33281
120.7783;-1.33281
120.80328;-1.33
120.82826;-1.33
120.85324;-1.33
120.87822;-1.33
120.9032;-1.31281
120.92818;-1.31281
120.95316;-1.31281
120.97814;-1.31281
121.00312;-1.30531
121.0281;-1.30531
121.05308;-1.30531
121.07806;-1.30531
121.10304;-1.31844
121.12802;-1.31844
121.153;-1.31844
121.17798;-1.31844
121.20296;-1.28594
121.22794;-1.28594
121.25292;-1.28594
121.2779;-1.28594
121.30288;-1.2875
121.32786;-1.2875
121.35284;-1.2875
121.37782;-1.2875
121.4028;-1.285
121.42778;-1.285
121.45276;-1.285
121.47774;-1.285
121.50272;-1.27344
121.5277;-1.27344
121.55268;-1.27344
121.57766;-1.27344
121.60264;-1.27437
121.62762;-1.27437
121.6526;-1.27437
121.67758;-1.27437
121.70256;-1.29719
121.72754;-1.29719
121.75252;-1.29719
121.7775;-1.29719
121.80248;-1.28875
121.82746;-1.28875
121.85244;-1.28875
121.87742;-1.28875
121.9024;-1.28937
121.92738;-1.28937
121.95236;-1.28937
121.97734;-1.28937
122.00232;-1.29781
122.0273;-1.29781
122.05228;-1.29781
122.07726;-1.29781
122.10224;-1.27937
122.12722;-1.27937
122.1522;-1.27937
122.17718;-1.27937
122.20216;-1.27688
122.22714;-1.27688
122.25212;-1.27688
122.2771;-1.27688
122.30208;-1.28375
122.32706;-1.28375
122.35204;-1.28375
122.37702;-1.28375
122.402;-1.26844
122.42698;-1.26844
122.45196;-1.26844
122.47694;-1.26844
122.50192;-1.26406
122.5269;-1.26406
122.55188;-1.26406
122.57686;-1.26406
122.60184;-1.25969
122.62682;-1.25969
122.6518;-1.25969
122.67678;-1.25969
122.70176;-1.26
122.72674;-1.26
122.75172;-1.26
122.7767;-1.26
122.80168;-1.25937
122.82666;-1.25937
122.85164;-1.25937
122.87662;-1.25937
122.9016;-1.28219
122.92658;-1.28219
122.95156;-1.28219
122.97654;-1.28219
123.00152;-1.2725
123.0265;-1.2725
123.05148;-1.2725
123.07646;-1.2725
123.10144;-1.2725
123.12642;-1.2725
123.1514;-1.2725
123.17638;-1.2725
123.20136;-1.2625
123.22634;-1.2625
123.25132;-1.2625
123.2763;-1.2625
123.30128;-1.2525
123.32626;-1.2525
123.35124;-1.2525
123.37622;-1.2525
123.4012;-1.25656
123.42618;-1.25656
123.45116;-1.25656
123.47614;-1.25656
123.50112;-1.25781
123.5261;-1.25781
123.55108;-1.25781
123.57606;-1.25781
123.60104;-1.25219
123.62602;-1.25219
123.651;-1.25219
123.67598;-1.25219
123.70096;-1.2375
123.72594;-1.2375
123.75092;-1.2375
123.7759;-1.2375
123.80088;-1.25312
123.82586;-1.25312
123.85084;-1.25312
123.87582;-1.25312
123.9008;-1.25875
123.92578;-1.25875
123.95076;-1.25875
123.97574;-1.25875
124.00072;-1.2525
124.0257;-1.2525
124.05068;-1.2525
124.07566;-1.2525
124.10064;-1.25687
124.12562;-1.25687
124.1506;-1.25687
124.17558;-1.25687
124.20056;-1.24719
124.22554;-1.24719
124.25052;-1.24719
124.2755;-1.24719
124.30048;-1.25563
124.32546;-1.25563
124.35044;-1.25563
124.37542;-1.25563
124.4004;-1.29719
124.42538;-1.29719
124.45036;-1.29719
124.47534;-1.29719
124.50032;-1.30313
124.5253;-1.30313
124.55028;-1.30313
124.57526;-1.30313
124.60024;-1.28812
124.62522;-1.28812
124.6502;-1.28812
124.67518;-1.28812
124.70016;-1.30594
124.72514;-1.30594
124.75012;-1.30594
124.7751;-1.30594
124.80008;-1.29813
124.82506;-1.29813
124.85004;-1.29813
124.87502;-1.29813
124.9;-1.29344
124.92498;-1.29344
124.94996;-1.29344
124.97494;-1.29344
124.99992;-1.29031
125.0249;-1.29031
125.04988;-1.29031
125.07486;-1.29031
125.09984;-1.28375
125.12482;-1.28375
125.1498;-1.28375
125.17478;-1.28375
125.19976;-1.295
125.22474;-1.295
125.24972;-1.295
125.2747;-1.295
125.29968;-1.28719
125.32466;-1.28719
125.34964;-1.28719
125.37462;-1.28719
125.3996;-1.28
125.42458;-1.28
125.44956;-1.28
125.47454;-1.28
125.49952;-1.29031
125.5245;-1.29031
125.54948;-1.29031
125.57446;-1.29031
125.59944;-1.28219
125.62442;-1.28219
125.6494;-1.28219
125.67438;-1.28219
125.69936;-1.28906
125.72434;-1.28906
125.74932;-1.28906
125.7743;-1.28906
125.79928;-1.27531
125.82426;-1.27531
125.84924;-1.27531
125.87422;-1.27531
125.8992;-1.28719
125.92418;-1.28719
125.94916;-1.28719
125.97414;-1.28719
125.99912;-1.28312
126.0241;-1.28312
126.04908;-1.28312
126.07406;-1.28312
126.09904;-1.27562
126.12402;-1.27562
126.149;-1.27562
126.17398;-1.27562
126.19896;-1.27688
126.22394;-1.27688
126.24892;-1.27688
126.2739;-1.27688
126.29888;-1.275
126.32386;-1.275
126.34884;-1.275
126.37382;-1.275
126.3988;-1.27844
126.42378;-1.27844
126.44876;-1.27844
126.47374;-1.27844
126.49872;-1.25406
126.5237;-1.25406
126.54868;-1.25406
126.57366;-1.25406
126.59864;-1.26406
126.62362;-1.26406
126.6486;-1.26406
126.67358;-1.26406
126.69856;-1.25187
126.72354;-1.25187
126.74852;-1.25187
126.7735;-1.25187
126.79848;-1.24625
126.82346;-1.24625
126.84844;-1.24625
126.87342;-1.24625
126.8984;-1.24375
126.92338;-1.24375
126.94836;-1.24375
126.97334;-1.24375
126.99832;-1.24437
127.0233;-1.24437
127.04828;-1.24437
127.07326;-1.24437
127.09824;-1.25719
127.12322;-1.25719
127.1482;-1.25719
127.17318;-1.25719
127.19816;-1.24781
127.22314;-1.24781
127.24812;-1.24781
127.2731;-1.24781
127.29808;-1.25063
127.32306;-1.25063
127.34804;-1.25063
127.37302;-1.25063
127.398;-1.23344
127.42298;-1.23344
127.44796;-1.23344
127.47294;-1.23344
127.49792;-1.23656
127.5229;-1.23656
127.54788;-1.23656
127.57286;-1.23656
127.59784;-1.24312
127.62282;-1.24312
127.6478;-1.24312
127.67278;-1.24312
127.69776;-1.23125
127.72274;-1.23125
127.74772;-1.23125
127.7727;-1.23125
127.79768;-1.22438
127.82266;-1.22438
127.84764;-1.22438
127.87262;-1.22438
127.8976;-1.22031
127.92258;-1.22031
127.94756;-1.22031
127.97254;-1.22031
127.99752;-1.21687
128.0225;-1.21687
128.04748;-1.21687
128.07246;-1.21687
128.09744;-1.205
128.12242;-1.205
128.1474;-1.205
128.17238;-1.205
128.19736;-1.19813
128.22234;-1.19813
128.24732;-1.19813
128.2723;-1.19813
128.29728;-1.21969
128.32226;-1.21969
128.34724;-1.21969
128.37222;-1.21969
128.3972;-1.21094
128.42218;-1.21094
128.44716;-1.21094
128.47214;-1.21094
128.49712;-1.21219
128.5221;-1.21219
128.54708;-1.21219
128.57206;-1.21219
128.59704;-1.21312
128.62202;-1.21312
128.647;-1.21312
128.67198;-1.21312
128.69696;-1.21312
128.72194;-1.21312
128.74692;-1.21312
128.7719;-1.21312
128.79688;-1.24344
128.82186;-1.24344
128.84684;-1.24344
128.87182;-1.24344
